Transaction Date,Transaction Month Name,Transaction Day Name,Customer Gender,Product Category,Sold Quantity,Price Per Unit,Total Amount
2023-01-01,January,Sunday,Male,Clothing,3,300,900
2023-01-01,January,Sunday,Male,Beauty,3,500,1500
2023-01-01,January,Sunday,Female,Clothing,4,300,1200
2023-01-02,January,Monday,Female,Clothing,3,50,150
2023-01-02,January,Monday,Male,Electronics,3,30,90
2023-01-02,January,Monday,Female,Clothing,3,500,1500
2023-01-02,January,Monday,Female,Beauty,1,25,25
2023-01-03,January,Tuesday,Female,Beauty,2,300,600
2023-01-04,January,Wednesday,Male,Beauty,3,30,90
2023-01-04,January,Wednesday,Female,Clothing,3,50,150
2023-01-04,January,Wednesday,Male,Beauty,2,500,1000
2023-01-05,January,Thursday,Female,Electronics,1,50,50
2023-01-05,January,Thursday,Male,Beauty,2,25,50
2023-01-05,January,Thursday,Female,Electronics,2,500,1000
2023-01-06,January,Friday,Female,Electronics,4,30,120
2023-01-06,January,Friday,Male,Clothing,1,500,500
2023-01-07,January,Saturday,Male,Clothing,3,25,75
2023-01-07,January,Saturday,Male,Electronics,3,25,75
2023-01-08,January,Sunday,Male,Clothing,2,300,600
2023-01-08,January,Sunday,Female,Electronics,1,25,25
2023-01-09,January,Monday,Male,Clothing,4,50,200
2023-01-10,January,Tuesday,Male,Electronics,4,50,200
2023-01-10,January,Tuesday,Female,Clothing,1,30,30
2023-01-11,January,Wednesday,Female,Beauty,4,25,100
2023-01-11,January,Wednesday,Female,Beauty,3,30,90
2023-01-11,January,Wednesday,Female,Clothing,3,30,90
2023-01-13,January,Friday,Male,Electronics,1,30,30
2023-01-13,January,Friday,Male,Electronics,2,300,600
2023-01-13,January,Friday,Female,Clothing,4,300,1200
2023-01-13,January,Friday,Male,Electronics,4,25,100
2023-01-14,January,Saturday,Female,Beauty,1,500,500
2023-01-14,January,Saturday,Female,Beauty,3,300,900
2023-01-14,January,Saturday,Male,Beauty,3,25,75
2023-01-14,January,Saturday,Female,Beauty,3,25,75
2023-01-15,January,Sunday,Male,Beauty,2,30,60
2023-01-15,January,Sunday,Male,Clothing,1,500,500
2023-01-15,January,Sunday,Male,Electronics,4,25,100
2023-01-16,January,Monday,Female,Electronics,4,500,2000
2023-01-16,January,Monday,Female,Beauty,4,500,2000
2023-01-17,January,Tuesday,Male,Clothing,4,30,120
2023-01-17,January,Tuesday,Female,Clothing,1,25,25
2023-01-17,January,Tuesday,Female,Beauty,1,500,500
2023-01-17,January,Tuesday,Female,Clothing,2,500,1000
2023-01-19,January,Thursday,Female,Clothing,1,30,30
2023-01-20,January,Friday,Male,Clothing,3,25,75
2023-01-20,January,Friday,Male,Beauty,1,50,50
2023-01-21,January,Saturday,Female,Beauty,1,30,30
2023-01-21,January,Saturday,Female,Beauty,2,30,60
2023-01-21,January,Saturday,Female,Electronics,4,500,2000
2023-01-22,January,Sunday,Female,Electronics,1,300,300
2023-01-22,January,Sunday,Male,Electronics,1,25,25
2023-01-23,January,Monday,Female,Electronics,2,500,1000
2023-01-23,January,Monday,Female,Clothing,4,500,2000
2023-01-23,January,Monday,Female,Electronics,4,30,120
2023-01-24,January,Tuesday,Male,Clothing,4,25,100
2023-01-24,January,Tuesday,Female,Beauty,4,500,2000
2023-01-24,January,Tuesday,Male,Beauty,3,50,150
2023-01-25,January,Wednesday,Male,Electronics,1,50,50
2023-01-26,January,Thursday,Male,Clothing,4,30,120
2023-01-26,January,Thursday,Female,Beauty,3,300,900
2023-01-26,January,Thursday,Female,Beauty,1,50,50
2023-01-26,January,Thursday,Female,Beauty,3,500,1500
2023-01-27,January,Friday,Male,Clothing,2,30,60
2023-01-27,January,Friday,Male,Clothing,4,25,100
2023-01-27,January,Friday,Female,Beauty,3,25,75
2023-01-28,January,Saturday,Male,Clothing,3,300,900
2023-01-28,January,Saturday,Male,Electronics,3,30,90
2023-01-28,January,Saturday,Female,Electronics,1,30,30
2023-01-29,January,Sunday,Male,Clothing,2,300,600
2023-01-30,January,Monday,Male,Beauty,1,50,50
2023-01-30,January,Monday,Male,Electronics,3,30,90
2023-01-30,January,Monday,Male,Electronics,1,500,500
2023-01-30,January,Monday,Female,Electronics,4,25,100
2023-01-31,January,Tuesday,Female,Electronics,2,500,1000
2023-01-31,January,Tuesday,Female,Electronics,4,50,200
2023-01-31,January,Tuesday,Male,Clothing,3,300,900
2023-02-01,February,Wednesday,Male,Clothing,4,500,2000
2023-02-01,February,Wednesday,Female,Electronics,4,300,1200
2023-02-01,February,Wednesday,Female,Clothing,3,500,1500
2023-02-02,February,Thursday,Male,Electronics,4,300,1200
2023-02-02,February,Thursday,Female,Clothing,1,25,25
2023-02-02,February,Thursday,Male,Electronics,3,50,150
2023-02-03,February,Friday,Female,Clothing,4,300,1200
2023-02-03,February,Friday,Male,Beauty,1,30,30
2023-02-04,February,Saturday,Female,Beauty,2,500,1000
2023-02-04,February,Saturday,Female,Beauty,4,30,120
2023-02-05,February,Sunday,Male,Electronics,2,25,50
2023-02-05,February,Sunday,Male,Clothing,1,30,30
2023-02-05,February,Sunday,Female,Electronics,4,300,1200
2023-02-05,February,Sunday,Female,Clothing,1,25,25
2023-02-05,February,Sunday,Male,Clothing,3,50,150
2023-02-05,February,Sunday,Female,Electronics,4,30,120
2023-02-05,February,Sunday,Female,Beauty,4,50,200
2023-02-05,February,Sunday,Male,Beauty,1,30,30
2023-02-06,February,Monday,Male,Clothing,3,50,150
2023-02-06,February,Monday,Female,Beauty,1,25,25
2023-02-06,February,Monday,Female,Beauty,1,300,300
2023-02-06,February,Monday,Female,Electronics,3,50,150
2023-02-07,February,Tuesday,Male,Clothing,2,50,100
2023-02-07,February,Tuesday,Female,Beauty,3,500,1500
2023-02-07,February,Tuesday,Female,Electronics,1,300,300
2023-02-07,February,Tuesday,Male,Beauty,4,50,200
2023-02-08,February,Wednesday,Male,Clothing,4,50,200
2023-02-08,February,Wednesday,Female,Electronics,2,25,50
2023-02-08,February,Wednesday,Female,Electronics,4,25,100
2023-02-08,February,Wednesday,Female,Electronics,3,25,75
2023-02-09,February,Thursday,Female,Clothing,2,300,600
2023-02-10,February,Friday,Female,Electronics,3,500,1500
2023-02-10,February,Friday,Male,Electronics,1,300,300
2023-02-10,February,Friday,Male,Beauty,2,50,100
2023-02-11,February,Saturday,Male,Electronics,3,30,90
2023-02-11,February,Saturday,Male,Clothing,2,500,1000
2023-02-11,February,Saturday,Male,Clothing,1,25,25
2023-02-11,February,Saturday,Male,Electronics,2,500,1000
2023-02-11,February,Saturday,Male,Beauty,4,25,100
2023-02-12,February,Sunday,Female,Clothing,1,500,500
2023-02-13,February,Monday,Male,Beauty,3,500,1500
2023-02-13,February,Monday,Male,Beauty,4,500,2000
2023-02-13,February,Monday,Female,Clothing,3,25,75
2023-02-13,February,Monday,Male,Beauty,1,25,25
2023-02-14,February,Tuesday,Male,Clothing,2,50,100
2023-02-14,February,Tuesday,Male,Electronics,1,300,300
2023-02-16,February,Thursday,Male,Electronics,3,300,900
2023-02-17,February,Friday,Male,Clothing,3,500,1500
2023-02-17,February,Friday,Male,Clothing,3,300,900
2023-02-17,February,Friday,Male,Beauty,4,300,1200
2023-02-17,February,Friday,Male,Electronics,4,500,2000
2023-02-17,February,Friday,Female,Beauty,4,50,200
2023-02-17,February,Friday,Female,Clothing,3,30,90
2023-02-18,February,Saturday,Male,Clothing,2,500,1000
2023-02-19,February,Sunday,Female,Clothing,1,25,25
2023-02-19,February,Sunday,Male,Beauty,4,500,2000
2023-02-20,February,Monday,Female,Electronics,1,30,30
2023-02-20,February,Monday,Male,Clothing,4,25,100
2023-02-20,February,Monday,Male,Electronics,2,500,1000
2023-02-21,February,Tuesday,Female,Clothing,1,300,300
2023-02-21,February,Tuesday,Female,Beauty,1,25,25
2023-02-21,February,Tuesday,Male,Clothing,2,30,60
2023-02-22,February,Wednesday,Male,Electronics,4,25,100
2023-02-22,February,Wednesday,Male,Clothing,2,25,50
2023-02-22,February,Wednesday,Female,Beauty,1,25,25
2023-02-22,February,Wednesday,Male,Electronics,2,25,50
2023-02-22,February,Wednesday,Female,Beauty,3,25,75
2023-02-23,February,Thursday,Female,Beauty,1,30,30
2023-02-24,February,Friday,Male,Clothing,1,300,300
2023-02-24,February,Friday,Male,Clothing,4,50,200
2023-02-24,February,Friday,Male,Beauty,3,500,1500
2023-02-24,February,Friday,Male,Clothing,4,300,1200
2023-02-25,February,Saturday,Female,Electronics,2,50,100
2023-02-25,February,Saturday,Male,Beauty,1,50,50
2023-02-25,February,Saturday,Male,Beauty,3,500,1500
2023-02-25,February,Saturday,Male,Electronics,3,300,900
2023-02-26,February,Sunday,Male,Clothing,2,25,50
2023-02-27,February,Monday,Female,Clothing,2,500,1000
2023-02-27,February,Monday,Female,Electronics,2,300,600
2023-02-27,February,Monday,Male,Clothing,1,25,25
2023-02-27,February,Monday,Male,Beauty,4,50,200
2023-02-28,February,Tuesday,Male,Electronics,4,500,2000
2023-02-28,February,Tuesday,Female,Clothing,1,30,30
2023-02-28,February,Tuesday,Male,Clothing,2,25,50
2023-02-28,February,Tuesday,Female,Beauty,4,25,100
2023-03-01,March,Wednesday,Female,Beauty,2,30,60
2023-03-01,March,Wednesday,Female,Beauty,4,25,100
2023-03-01,March,Wednesday,Female,Electronics,1,300,300
2023-03-02,March,Thursday,Male,Beauty,1,300,300
2023-03-03,March,Friday,Male,Beauty,1,500,500
2023-03-03,March,Friday,Female,Electronics,2,25,50
2023-03-03,March,Friday,Female,Beauty,4,50,200
2023-03-03,March,Friday,Female,Clothing,4,30,120
2023-03-03,March,Friday,Female,Electronics,4,25,100
2023-03-04,March,Saturday,Female,Beauty,2,500,1000
2023-03-05,March,Sunday,Female,Beauty,1,300,300
2023-03-05,March,Sunday,Female,Beauty,4,30,120
2023-03-06,March,Monday,Female,Clothing,4,50,200
2023-03-06,March,Monday,Female,Clothing,3,25,75
2023-03-06,March,Monday,Female,Beauty,3,50,150
2023-03-06,March,Monday,Female,Electronics,4,50,200
2023-03-07,March,Tuesday,Female,Beauty,3,300,900
2023-03-07,March,Tuesday,Female,Clothing,3,30,90
2023-03-07,March,Tuesday,Male,Clothing,4,500,2000
2023-03-07,March,Tuesday,Male,Electronics,2,25,50
2023-03-08,March,Wednesday,Female,Clothing,1,25,25
2023-03-09,March,Thursday,Male,Clothing,3,300,900
2023-03-09,March,Thursday,Male,Clothing,4,25,100
2023-03-09,March,Thursday,Female,Clothing,4,50,200
2023-03-10,March,Friday,Female,Beauty,1,25,25
2023-03-10,March,Friday,Male,Clothing,3,50,150
2023-03-11,March,Saturday,Male,Clothing,1,500,500
2023-03-12,March,Sunday,Female,Clothing,1,500,500
2023-03-12,March,Sunday,Male,Clothing,1,25,25
2023-03-13,March,Monday,Male,Clothing,2,25,50
2023-03-13,March,Monday,Female,Clothing,3,50,150
2023-03-13,March,Monday,Female,Clothing,4,25,100
2023-03-15,March,Wednesday,Male,Electronics,2,500,1000
2023-03-17,March,Friday,Female,Clothing,4,25,100
2023-03-17,March,Friday,Male,Clothing,3,300,900
2023-03-17,March,Friday,Male,Clothing,3,25,75
2023-03-18,March,Saturday,Female,Clothing,4,30,120
2023-03-18,March,Saturday,Male,Clothing,3,500,1500
2023-03-19,March,Sunday,Female,Electronics,1,30,30
2023-03-19,March,Sunday,Female,Clothing,2,25,50
2023-03-20,March,Monday,Male,Electronics,2,300,600
2023-03-20,March,Monday,Female,Electronics,4,25,100
2023-03-20,March,Monday,Male,Clothing,4,300,1200
2023-03-20,March,Monday,Male,Clothing,3,50,150
2023-03-20,March,Monday,Female,Beauty,3,300,900
2023-03-21,March,Tuesday,Male,Beauty,4,50,200
2023-03-21,March,Tuesday,Female,Beauty,3,500,1500
2023-03-21,March,Tuesday,Female,Clothing,2,300,600
2023-03-21,March,Tuesday,Male,Clothing,4,300,1200
2023-03-22,March,Wednesday,Male,Beauty,2,500,1000
2023-03-22,March,Wednesday,Male,Beauty,2,50,100
2023-03-22,March,Wednesday,Female,Beauty,3,30,90
2023-03-22,March,Wednesday,Male,Clothing,1,50,50
2023-03-22,March,Wednesday,Female,Clothing,3,50,150
2023-03-23,March,Thursday,Female,Electronics,2,50,100
2023-03-23,March,Thursday,Male,Clothing,4,50,200
2023-03-23,March,Thursday,Male,Clothing,3,50,150
2023-03-23,March,Thursday,Female,Beauty,3,500,1500
2023-03-24,March,Friday,Male,Beauty,2,50,100
2023-03-24,March,Friday,Male,Electronics,3,50,150
2023-03-25,March,Saturday,Female,Electronics,2,50,100
2023-03-25,March,Saturday,Female,Electronics,1,500,500
2023-03-25,March,Saturday,Female,Beauty,2,500,1000
2023-03-25,March,Saturday,Female,Clothing,1,25,25
2023-03-26,March,Sunday,Female,Clothing,4,300,1200
2023-03-26,March,Sunday,Male,Clothing,4,30,120
2023-03-26,March,Sunday,Male,Electronics,2,50,100
2023-03-27,March,Monday,Female,Clothing,3,30,90
2023-03-27,March,Monday,Male,Beauty,1,500,500
2023-03-28,March,Tuesday,Male,Clothing,2,50,100
2023-03-29,March,Wednesday,Male,Clothing,1,500,500
2023-03-30,March,Thursday,Female,Clothing,4,50,200
2023-03-31,March,Friday,Male,Clothing,4,300,1200
2023-04-01,April,Saturday,Male,Electronics,4,300,1200
2023-04-01,April,Saturday,Female,Beauty,4,300,1200
2023-04-01,April,Saturday,Male,Beauty,4,500,2000
2023-04-02,April,Sunday,Male,Clothing,4,500,2000
2023-04-02,April,Sunday,Female,Electronics,3,50,150
2023-04-02,April,Sunday,Male,Electronics,3,50,150
2023-04-02,April,Sunday,Male,Beauty,1,300,300
2023-04-03,April,Monday,Female,Beauty,2,250,500
2023-04-03,April,Monday,Male,Clothing,1,500,500
2023-04-04,April,Tuesday,Female,Clothing,3,500,1500
2023-04-04,April,Tuesday,Female,Clothing,2,30,60
2023-04-04,April,Tuesday,Female,Beauty,2,30,60
2023-04-05,April,Wednesday,Male,Electronics,3,300,900
2023-04-05,April,Wednesday,Female,Clothing,4,300,1200
2023-04-06,April,Thursday,Male,Electronics,4,300,1200
2023-04-08,April,Saturday,Male,Clothing,1,30,30
2023-04-08,April,Saturday,Male,Clothing,2,500,1000
2023-04-08,April,Saturday,Male,Clothing,4,30,120
2023-04-08,April,Saturday,Female,Clothing,4,25,100
2023-04-08,April,Saturday,Female,Electronics,4,300,1200
2023-04-09,April,Sunday,Male,Beauty,4,50,200
2023-04-09,April,Sunday,Female,Clothing,2,500,1000
2023-04-09,April,Sunday,Female,Electronics,1,25,25
2023-04-09,April,Sunday,Female,Clothing,2,30,60
2023-04-09,April,Sunday,Male,Electronics,3,300,900
2023-04-09,April,Sunday,Male,Electronics,1,50,50
2023-04-10,April,Monday,Male,Clothing,1,30,30
2023-04-10,April,Monday,Male,Electronics,1,30,30
2023-04-11,April,Tuesday,Male,Clothing,2,25,50
2023-04-12,April,Wednesday,Female,Clothing,4,30,120
2023-04-12,April,Wednesday,Female,Beauty,1,300,300
2023-04-12,April,Wednesday,Female,Beauty,2,500,1000
2023-04-12,April,Wednesday,Female,Clothing,2,25,50
2023-04-12,April,Wednesday,Male,Electronics,4,30,120
2023-04-13,April,Thursday,Male,Electronics,4,50,200
2023-04-13,April,Thursday,Female,Clothing,2,30,60
2023-04-13,April,Thursday,Male,Beauty,2,50,100
2023-04-15,April,Saturday,Female,Beauty,4,50,200
2023-04-15,April,Saturday,Female,Beauty,1,500,500
2023-04-16,April,Sunday,Female,Clothing,1,300,300
2023-04-17,April,Monday,Male,Beauty,1,25,25
2023-04-18,April,Tuesday,Male,Beauty,1,300,300
2023-04-18,April,Tuesday,Female,Beauty,4,25,100
2023-04-18,April,Tuesday,Female,Beauty,2,25,50
2023-04-18,April,Tuesday,Male,Electronics,2,25,50
2023-04-19,April,Wednesday,Female,Beauty,3,25,75
2023-04-19,April,Wednesday,Female,Electronics,3,500,1500
2023-04-19,April,Wednesday,Female,Beauty,2,25,50
2023-04-19,April,Wednesday,Male,Clothing,3,50,150
2023-04-19,April,Wednesday,Female,Clothing,1,50,50
2023-04-19,April,Wednesday,Female,Clothing,3,300,900
2023-04-20,April,Thursday,Female,Electronics,2,25,50
2023-04-20,April,Thursday,Male,Beauty,4,300,1200
2023-04-20,April,Thursday,Female,Beauty,3,25,75
2023-04-20,April,Thursday,Male,Clothing,4,500,2000
2023-04-20,April,Thursday,Male,Clothing,1,50,50
2023-04-21,April,Friday,Male,Clothing,4,30,120
2023-04-21,April,Friday,Male,Electronics,1,50,50
2023-04-22,April,Saturday,Female,Clothing,4,25,100
2023-04-22,April,Saturday,Female,Clothing,2,25,50
2023-04-22,April,Saturday,Female,Clothing,3,25,75
2023-04-23,April,Sunday,Female,Beauty,1,500,500
2023-04-23,April,Sunday,Female,Beauty,2,50,100
2023-04-23,April,Sunday,Female,Beauty,2,300,600
2023-04-23,April,Sunday,Male,Beauty,1,25,25
2023-04-23,April,Sunday,Female,Clothing,3,30,90
2023-04-23,April,Sunday,Female,Clothing,3,30,90
2023-04-23,April,Sunday,Male,Beauty,3,500,1500
2023-04-24,April,Monday,Male,Clothing,4,30,120
2023-04-24,April,Monday,Female,Electronics,2,25,50
2023-04-25,April,Tuesday,Female,Beauty,1,30,30
2023-04-25,April,Tuesday,Male,Clothing,1,30,30
2023-04-25,April,Tuesday,Male,Clothing,2,50,100
2023-04-26,April,Wednesday,Male,Clothing,4,30,120
2023-04-26,April,Wednesday,Male,Electronics,2,30,60
2023-04-26,April,Wednesday,Male,Beauty,3,30,90
2023-04-27,April,Thursday,Female,Electronics,1,30,30
2023-04-27,April,Thursday,Female,Clothing,4,300,1200
2023-04-27,April,Thursday,Female,Beauty,4,50,200
2023-04-28,April,Friday,Female,Beauty,2,25,50
2023-04-28,April,Friday,Female,Electronics,2,30,60
2023-04-28,April,Friday,Female,Clothing,1,25,25
2023-04-29,April,Saturday,Female,Beauty,2,500,1000
2023-04-29,April,Saturday,Female,Clothing,2,30,60
2023-04-29,April,Saturday,Female,Clothing,3,300,900
2023-04-30,April,Sunday,Female,Electronics,2,25,50
2023-04-30,April,Sunday,Female,Beauty,3,25,75
2023-04-30,April,Sunday,Female,Clothing,1,30,30
2023-05-01,May,Monday,Male,Clothing,1,500,500
2023-05-01,May,Monday,Female,Clothing,1,25,25
2023-05-01,May,Monday,Female,Beauty,2,50,100
2023-05-02,May,Tuesday,Male,Clothing,1,25,25
2023-05-02,May,Tuesday,Male,Electronics,3,30,90
2023-05-02,May,Tuesday,Male,Beauty,1,50,50
2023-05-03,May,Wednesday,Male,Clothing,3,25,75
2023-05-03,May,Wednesday,Female,Electronics,3,25,75
2023-05-03,May,Wednesday,Male,Clothing,3,30,90
2023-05-03,May,Wednesday,Male,Beauty,1,30,30
2023-05-03,May,Wednesday,Male,Beauty,1,30,30
2023-05-04,May,Thursday,Female,Beauty,3,30,90
2023-05-04,May,Thursday,Male,Clothing,2,25,50
2023-05-04,May,Thursday,Male,Beauty,2,500,1000
2023-05-05,May,Friday,Male,Electronics,1,300,300
2023-05-05,May,Friday,Male,Electronics,1,50,50
2023-05-05,May,Friday,Female,Electronics,2,500,1000
2023-05-05,May,Friday,Male,Clothing,4,30,120
2023-05-05,May,Friday,Male,Electronics,1,50,50
2023-05-06,May,Saturday,Male,Beauty,2,50,100
2023-05-06,May,Saturday,Female,Electronics,1,30,30
2023-05-06,May,Saturday,Male,Electronics,2,300,600
2023-05-06,May,Saturday,Male,Electronics,2,30,60
2023-05-06,May,Saturday,Male,Electronics,4,50,200
2023-05-07,May,Sunday,Male,Beauty,1,50,50
2023-05-07,May,Sunday,Male,Beauty,2,300,600
2023-05-07,May,Sunday,Male,Clothing,4,50,200
2023-05-07,May,Sunday,Female,Electronics,4,30,120
2023-05-07,May,Sunday,Male,Electronics,1,25,25
2023-05-08,May,Monday,Female,Beauty,1,50,50
2023-05-08,May,Monday,Female,Electronics,1,500,500
2023-05-08,May,Monday,Female,Clothing,3,500,1500
2023-05-08,May,Monday,Male,Beauty,3,25,75
2023-05-08,May,Monday,Male,Electronics,3,25,75
2023-05-08,May,Monday,Male,Electronics,4,500,2000
2023-05-09,May,Tuesday,Male,Clothing,2,30,60
2023-05-09,May,Tuesday,Male,Beauty,4,25,100
2023-05-09,May,Tuesday,Male,Electronics,1,500,500
2023-05-10,May,Wednesday,Male,Clothing,4,500,2000
2023-05-10,May,Wednesday,Male,Clothing,4,50,200
2023-05-11,May,Thursday,Female,Clothing,1,30,30
2023-05-12,May,Friday,Male,Clothing,4,25,100
2023-05-13,May,Saturday,Female,Beauty,4,50,200
2023-05-13,May,Saturday,Male,Electronics,2,300,600
2023-05-14,May,Sunday,Male,Electronics,1,500,500
2023-05-14,May,Sunday,Male,Electronics,2,30,60
2023-05-14,May,Sunday,Female,Clothing,1,500,500
2023-05-15,May,Monday,Female,Electronics,2,30,60
2023-05-15,May,Monday,Female,Beauty,3,500,1500
2023-05-15,May,Monday,Female,Electronics,4,30,120
2023-05-16,May,Tuesday,Male,Electronics,3,300,900
2023-05-16,May,Tuesday,Female,Electronics,4,500,2000
2023-05-16,May,Tuesday,Male,Clothing,2,500,1000
2023-05-16,May,Tuesday,Female,Beauty,1,30,30
2023-05-16,May,Tuesday,Female,Beauty,1,300,300
2023-05-16,May,Tuesday,Female,Beauty,1,30,30
2023-05-16,May,Tuesday,Female,Clothing,2,300,600
2023-05-16,May,Tuesday,Male,Electronics,4,50,200
2023-05-16,May,Tuesday,Female,Beauty,3,50,150
2023-05-16,May,Tuesday,Male,Electronics,4,500,2000
2023-05-16,May,Tuesday,Male,Clothing,1,50,50
2023-05-17,May,Wednesday,Male,Electronics,1,50,50
2023-05-17,May,Wednesday,Male,Electronics,4,500,2000
2023-05-17,May,Wednesday,Female,Clothing,2,500,1000
2023-05-18,May,Thursday,Female,Clothing,1,50,50
2023-05-18,May,Thursday,Male,Electronics,1,500,500
2023-05-19,May,Friday,Female,Beauty,2,500,1000
2023-05-19,May,Friday,Male,Beauty,2,25,50
2023-05-19,May,Friday,Male,Electronics,1,300,300
2023-05-20,May,Saturday,Male,Clothing,2,300,600
2023-05-20,May,Saturday,Male,Clothing,3,25,75
2023-05-20,May,Saturday,Female,Electronics,2,25,50
2023-05-21,May,Sunday,Male,Clothing,1,500,500
2023-05-21,May,Sunday,Male,Clothing,3,500,1500
2023-05-21,May,Sunday,Male,Electronics,3,300,900
2023-05-22,May,Monday,Female,Clothing,3,30,90
2023-05-22,May,Monday,Female,Clothing,4,25,100
2023-05-22,May,Monday,Male,Beauty,3,500,1500
2023-05-22,May,Monday,Female,Clothing,4,30,120
2023-05-23,May,Tuesday,Male,Electronics,4,300,1200
2023-05-23,May,Tuesday,Female,Beauty,3,25,75
2023-05-23,May,Tuesday,Female,Electronics,4,500,2000
2023-05-23,May,Tuesday,Female,Electronics,3,300,900
2023-05-23,May,Tuesday,Female,Beauty,4,500,2000
2023-05-23,May,Tuesday,Male,Electronics,1,30,30
2023-05-23,May,Tuesday,Female,Electronics,3,300,900
2023-05-23,May,Tuesday,Male,Clothing,4,300,1200
2023-05-23,May,Tuesday,Female,Beauty,3,50,150
2023-05-24,May,Wednesday,Male,Clothing,2,25,50
2023-05-25,May,Thursday,Male,Electronics,2,500,1000
2023-05-25,May,Thursday,Male,Clothing,2,300,600
2023-05-25,May,Thursday,Female,Beauty,2,500,1000
2023-05-26,May,Friday,Female,Clothing,2,500,1000
2023-05-26,May,Friday,Female,Clothing,4,30,120
2023-05-26,May,Friday,Male,Beauty,3,300,900
2023-05-27,May,Saturday,Female,Electronics,2,25,50
2023-05-27,May,Saturday,Female,Clothing,4,500,2000
2023-05-27,May,Saturday,Male,Clothing,3,50,150
2023-05-28,May,Sunday,Female,Clothing,3,25,75
2023-05-29,May,Monday,Female,Beauty,4,300,1200
2023-05-30,May,Tuesday,Female,Beauty,3,30,90
2023-05-30,May,Tuesday,Female,Electronics,2,25,50
2023-05-31,May,Wednesday,Female,Clothing,3,300,900
2023-05-31,May,Wednesday,Male,Clothing,4,50,200
2023-05-31,May,Wednesday,Male,Electronics,4,300,1200
2023-06-01,June,Thursday,Male,Clothing,2,30,60
2023-06-01,June,Thursday,Male,Clothing,2,25,50
2023-06-01,June,Thursday,Female,Beauty,1,50,50
2023-06-02,June,Friday,Female,Clothing,2,25,50
2023-06-02,June,Friday,Male,Electronics,2,25,50
2023-06-02,June,Friday,Male,Electronics,2,25,50
2023-06-03,June,Saturday,Male,Beauty,1,25,25
2023-06-03,June,Saturday,Female,Clothing,1,500,500
2023-06-03,June,Saturday,Female,Beauty,1,500,500
2023-06-04,June,Sunday,Male,Beauty,1,30,30
2023-06-04,June,Sunday,Female,Electronics,1,50,50
2023-06-04,June,Sunday,Male,Clothing,3,300,900
2023-06-04,June,Sunday,Female,Clothing,1,50,50
2023-06-05,June,Monday,Female,Electronics,1,50,50
2023-06-05,June,Monday,Male,Clothing,2,25,50
2023-06-06,June,Tuesday,Female,Electronics,4,300,1200
2023-06-06,June,Tuesday,Male,Electronics,1,500,500
2023-06-06,June,Tuesday,Female,Electronics,2,25,50
2023-06-06,June,Tuesday,Male,Beauty,4,50,200
2023-06-07,June,Wednesday,Female,Clothing,2,50,100
2023-06-07,June,Wednesday,Male,Electronics,1,50,50
2023-06-08,June,Thursday,Male,Beauty,1,500,500
2023-06-08,June,Thursday,Female,Beauty,4,300,1200
2023-06-09,June,Friday,Male,Clothing,3,500,1500
2023-06-09,June,Friday,Male,Clothing,4,50,200
2023-06-09,June,Friday,Female,Electronics,4,30,120
2023-06-10,June,Saturday,Female,Electronics,2,25,50
2023-06-10,June,Saturday,Male,Electronics,3,500,1500
2023-06-10,June,Saturday,Female,Beauty,4,50,200
2023-06-10,June,Saturday,Male,Clothing,2,500,1000
2023-06-11,June,Sunday,Female,Beauty,2,500,1000
2023-06-11,June,Sunday,Male,Clothing,3,300,900
2023-06-11,June,Sunday,Male,Electronics,2,500,1000
2023-06-11,June,Sunday,Male,Clothing,1,300,300
2023-06-11,June,Sunday,Male,Clothing,4,25,100
2023-06-12,June,Monday,Male,Electronics,2,25,50
2023-06-13,June,Tuesday,Female,Clothing,1,500,500
2023-06-14,June,Wednesday,Female,Clothing,3,300,900
2023-06-15,June,Thursday,Male,Beauty,4,30,120
2023-06-15,June,Thursday,Female,Beauty,2,50,100
2023-06-16,June,Friday,Male,Electronics,1,30,30
2023-06-16,June,Friday,Male,Beauty,4,50,200
2023-06-17,June,Saturday,Female,Beauty,1,50,50
2023-06-17,June,Saturday,Female,Beauty,4,50,200
2023-06-17,June,Saturday,Male,Clothing,4,300,1200
2023-06-18,June,Sunday,Female,Electronics,3,300,900
2023-06-19,June,Monday,Male,Electronics,3,500,1500
2023-06-19,June,Monday,Female,Clothing,4,25,100
2023-06-19,June,Monday,Female,Clothing,4,30,120
2023-06-19,June,Monday,Male,Beauty,4,300,1200
2023-06-19,June,Monday,Female,Clothing,1,25,25
2023-06-20,June,Tuesday,Female,Clothing,3,30,90
2023-06-20,June,Tuesday,Male,Electronics,4,25,100
2023-06-21,June,Wednesday,Female,Electronics,4,25,100
2023-06-21,June,Wednesday,Male,Clothing,3,25,75
2023-06-22,June,Thursday,Male,Beauty,1,50,50
2023-06-22,June,Thursday,Female,Clothing,4,30,120
2023-06-22,June,Thursday,Male,Beauty,3,300,900
2023-06-22,June,Thursday,Female,Clothing,3,50,150
2023-06-23,June,Friday,Female,Clothing,1,50,50
2023-06-23,June,Friday,Female,Beauty,4,30,120
2023-06-24,June,Saturday,Male,Beauty,3,300,900
2023-06-24,June,Saturday,Male,Electronics,4,500,2000
2023-06-24,June,Saturday,Male,Beauty,4,30,120
2023-06-24,June,Saturday,Female,Electronics,4,300,1200
2023-06-24,June,Saturday,Male,Electronics,4,500,2000
2023-06-25,June,Sunday,Female,Electronics,3,300,900
2023-06-26,June,Monday,Female,Electronics,4,300,1200
2023-06-26,June,Monday,Female,Electronics,3,300,900
2023-06-26,June,Monday,Male,Beauty,1,30,30
2023-06-27,June,Tuesday,Female,Beauty,3,300,900
2023-06-28,June,Wednesday,Male,Beauty,1,300,300
2023-06-29,June,Thursday,Female,Beauty,4,500,2000
2023-06-29,June,Thursday,Male,Beauty,4,25,100
2023-06-29,June,Thursday,Female,Clothing,1,50,50
2023-06-30,June,Friday,Female,Clothing,2,500,1000
2023-06-30,June,Friday,Female,Clothing,1,30,30
2023-07-01,July,Saturday,Female,Clothing,3,500,1500
2023-07-01,July,Saturday,Male,Beauty,2,30,60
2023-07-01,July,Saturday,Male,Electronics,4,25,100
2023-07-01,July,Saturday,Male,Beauty,3,30,90
2023-07-03,July,Monday,Female,Electronics,1,30,30
2023-07-03,July,Monday,Male,Electronics,4,50,200
2023-07-04,July,Tuesday,Male,Clothing,1,500,500
2023-07-05,July,Wednesday,Male,Clothing,1,50,50
2023-07-05,July,Wednesday,Male,Beauty,1,500,500
2023-07-05,July,Wednesday,Male,Clothing,4,50,200
2023-07-05,July,Wednesday,Female,Beauty,1,30,30
2023-07-06,July,Thursday,Male,Beauty,4,50,200
2023-07-06,July,Thursday,Male,Beauty,4,500,2000
2023-07-06,July,Thursday,Female,Clothing,2,30,60
2023-07-08,July,Saturday,Male,Electronics,2,50,100
2023-07-08,July,Saturday,Female,Electronics,4,30,120
2023-07-09,July,Sunday,Female,Clothing,2,50,100
2023-07-09,July,Sunday,Female,Clothing,4,25,100
2023-07-09,July,Sunday,Male,Clothing,3,25,75
2023-07-09,July,Sunday,Female,Beauty,1,50,50
2023-07-11,July,Tuesday,Female,Beauty,2,50,100
2023-07-11,July,Tuesday,Male,Electronics,2,50,100
2023-07-12,July,Wednesday,Male,Electronics,1,30,30
2023-07-13,July,Thursday,Male,Electronics,2,50,100
2023-07-14,July,Friday,Female,Clothing,1,300,300
2023-07-14,July,Friday,Female,Beauty,4,25,100
2023-07-14,July,Friday,Female,Beauty,4,500,2000
2023-07-14,July,Friday,Male,Beauty,2,300,600
2023-07-14,July,Friday,Male,Electronics,3,300,900
2023-07-14,July,Friday,Female,Electronics,2,30,60
2023-07-14,July,Friday,Male,Beauty,3,300,900
2023-07-14,July,Friday,Male,Electronics,3,50,150
2023-07-14,July,Friday,Male,Beauty,3,30,90
2023-07-14,July,Friday,Male,Clothing,1,25,25
2023-07-15,July,Saturday,Female,Beauty,3,500,1500
2023-07-15,July,Saturday,Female,Clothing,3,500,1500
2023-07-16,July,Sunday,Female,Clothing,3,30,90
2023-07-16,July,Sunday,Female,Clothing,4,25,100
2023-07-17,July,Monday,Female,Clothing,1,50,50
2023-07-17,July,Monday,Female,Clothing,3,300,900
2023-07-19,July,Wednesday,Female,Electronics,2,30,60
2023-07-19,July,Wednesday,Male,Electronics,3,500,1500
2023-07-19,July,Wednesday,Female,Electronics,4,50,200
2023-07-19,July,Wednesday,Female,Electronics,1,300,300
2023-07-21,July,Friday,Female,Electronics,2,500,1000
2023-07-22,July,Saturday,Female,Beauty,4,25,100
2023-07-22,July,Saturday,Male,Clothing,1,50,50
2023-07-23,July,Sunday,Male,Electronics,4,500,2000
2023-07-24,July,Monday,Female,Clothing,2,25,50
2023-07-24,July,Monday,Male,Beauty,3,500,1500
2023-07-24,July,Monday,Male,Clothing,4,500,2000
2023-07-24,July,Monday,Male,Beauty,2,30,60
2023-07-24,July,Monday,Male,Electronics,2,500,1000
2023-07-25,July,Tuesday,Female,Electronics,1,500,500
2023-07-25,July,Tuesday,Male,Electronics,2,500,1000
2023-07-25,July,Tuesday,Male,Beauty,1,500,500
2023-07-26,July,Wednesday,Male,Electronics,1,300,300
2023-07-26,July,Wednesday,Male,Beauty,2,50,100
2023-07-26,July,Wednesday,Male,Beauty,2,300,600
2023-07-27,July,Thursday,Female,Beauty,3,30,90
2023-07-27,July,Thursday,Female,Clothing,2,300,600
2023-07-27,July,Thursday,Female,Electronics,1,500,500
2023-07-28,July,Friday,Male,Electronics,1,500,500
2023-07-28,July,Friday,Female,Beauty,3,300,900
2023-07-28,July,Friday,Female,Beauty,3,300,900
2023-07-28,July,Friday,Female,Electronics,3,50,150
2023-07-28,July,Friday,Female,Beauty,2,500,1000
2023-07-29,July,Saturday,Male,Beauty,1,500,500
2023-07-29,July,Saturday,Female,Electronics,3,25,75
2023-07-30,July,Sunday,Female,Beauty,4,30,120
2023-07-30,July,Sunday,Female,Electronics,3,50,150
2023-07-31,July,Monday,Female,Beauty,3,500,1500
2023-08-01,August,Tuesday,Male,Beauty,4,30,120
2023-08-01,August,Tuesday,Female,Electronics,1,500,500
2023-08-01,August,Tuesday,Female,Beauty,2,50,100
2023-08-02,August,Wednesday,Female,Electronics,2,25,50
2023-08-03,August,Thursday,Female,Beauty,2,25,50
2023-08-03,August,Thursday,Male,Electronics,1,25,25
2023-08-03,August,Thursday,Female,Electronics,1,300,300
2023-08-04,August,Friday,Female,Beauty,2,50,100
2023-08-04,August,Friday,Female,Clothing,2,30,60
2023-08-04,August,Friday,Female,Clothing,2,25,50
2023-08-04,August,Friday,Male,Clothing,1,50,50
2023-08-05,August,Saturday,Male,Electronics,3,500,1500
2023-08-05,August,Saturday,Female,Beauty,3,300,900
2023-08-05,August,Saturday,Male,Electronics,1,30,30
2023-08-05,August,Saturday,Male,Clothing,1,25,25
2023-08-05,August,Saturday,Male,Clothing,2,25,50
2023-08-05,August,Saturday,Male,Clothing,1,500,500
2023-08-05,August,Saturday,Female,Beauty,4,300,1200
2023-08-05,August,Saturday,Female,Electronics,2,500,1000
2023-08-06,August,Sunday,Female,Electronics,1,500,500
2023-08-06,August,Sunday,Female,Electronics,4,500,2000
2023-08-07,August,Monday,Female,Electronics,3,300,900
2023-08-07,August,Monday,Male,Beauty,4,30,120
2023-08-08,August,Tuesday,Male,Clothing,2,50,100
2023-08-08,August,Tuesday,Female,Clothing,4,300,1200
2023-08-08,August,Tuesday,Male,Clothing,1,25,25
2023-08-08,August,Tuesday,Male,Clothing,2,30,60
2023-08-09,August,Wednesday,Female,Clothing,4,50,200
2023-08-09,August,Wednesday,Male,Clothing,2,300,600
2023-08-09,August,Wednesday,Female,Clothing,3,50,150
2023-08-09,August,Wednesday,Male,Clothing,2,30,60
2023-08-10,August,Thursday,Male,Clothing,4,50,200
2023-08-11,August,Friday,Female,Clothing,2,50,100
2023-08-11,August,Friday,Male,Beauty,2,300,600
2023-08-11,August,Friday,Female,Electronics,4,50,200
2023-08-12,August,Saturday,Male,Beauty,2,50,100
2023-08-12,August,Saturday,Female,Clothing,4,30,120
2023-08-12,August,Saturday,Female,Electronics,3,50,150
2023-08-12,August,Saturday,Male,Beauty,2,500,1000
2023-08-13,August,Sunday,Female,Electronics,4,50,200
2023-08-13,August,Sunday,Male,Clothing,1,500,500
2023-08-14,August,Monday,Male,Beauty,4,300,1200
2023-08-14,August,Monday,Male,Electronics,1,30,30
2023-08-15,August,Tuesday,Female,Electronics,1,25,25
2023-08-15,August,Tuesday,Male,Electronics,1,25,25
2023-08-15,August,Tuesday,Male,Electronics,4,50,200
2023-08-15,August,Tuesday,Male,Clothing,1,500,500
2023-08-15,August,Tuesday,Male,Clothing,2,50,100
2023-08-15,August,Tuesday,Female,Electronics,4,30,120
2023-08-17,August,Thursday,Female,Electronics,3,300,900
2023-08-18,August,Friday,Female,Electronics,1,30,30
2023-08-18,August,Friday,Male,Clothing,4,25,100
2023-08-18,August,Friday,Female,Electronics,3,500,1500
2023-08-19,August,Saturday,Male,Electronics,1,500,500
2023-08-19,August,Saturday,Female,Electronics,2,50,100
2023-08-19,August,Saturday,Male,Clothing,3,500,1500
2023-08-19,August,Saturday,Female,Electronics,2,30,60
2023-08-20,August,Sunday,Female,Electronics,3,30,90
2023-08-21,August,Monday,Male,Electronics,3,30,90
2023-08-21,August,Monday,Male,Clothing,2,30,60
2023-08-21,August,Monday,Male,Electronics,1,50,50
2023-08-21,August,Monday,Male,Electronics,1,300,300
2023-08-21,August,Monday,Male,Beauty,2,500,1000
2023-08-21,August,Monday,Female,Electronics,2,30,60
2023-08-22,August,Tuesday,Male,Beauty,4,300,1200
2023-08-22,August,Tuesday,Female,Beauty,3,25,75
2023-08-23,August,Wednesday,Female,Clothing,1,30,30
2023-08-23,August,Wednesday,Female,Beauty,1,500,500
2023-08-23,August,Wednesday,Female,Clothing,4,300,1200
2023-08-24,August,Thursday,Female,Beauty,3,25,75
2023-08-24,August,Thursday,Male,Electronics,4,300,1200
2023-08-24,August,Thursday,Male,Electronics,1,30,30
2023-08-25,August,Friday,Female,Electronics,4,30,120
2023-08-25,August,Friday,Female,Electronics,4,50,200
2023-08-25,August,Friday,Female,Beauty,3,25,75
2023-08-26,August,Saturday,Male,Electronics,1,30,30
2023-08-26,August,Saturday,Female,Beauty,3,300,900
2023-08-26,August,Saturday,Female,Beauty,1,25,25
2023-08-27,August,Sunday,Female,Electronics,1,300,300
2023-08-27,August,Sunday,Male,Electronics,3,50,150
2023-08-27,August,Sunday,Female,Electronics,4,300,1200
2023-08-27,August,Sunday,Female,Clothing,3,25,75
2023-08-28,August,Monday,Male,Clothing,4,50,200
2023-08-28,August,Monday,Male,Beauty,2,30,60
2023-08-28,August,Monday,Female,Clothing,3,30,90
2023-08-29,August,Tuesday,Female,Clothing,4,500,2000
2023-08-29,August,Tuesday,Male,Beauty,1,30,30
2023-08-29,August,Tuesday,Male,Beauty,2,50,100
2023-08-29,August,Tuesday,Male,Clothing,1,500,500
2023-08-31,August,Thursday,Female,Beauty,4,50,200
2023-08-31,August,Thursday,Female,Clothing,4,500,2000
2023-08-31,August,Thursday,Female,Electronics,2,25,50
2023-08-31,August,Thursday,Female,Clothing,2,25,50
2023-08-31,August,Thursday,Male,Beauty,2,30,60
2023-09-01,September,Friday,Male,Beauty,3,50,150
2023-09-01,September,Friday,Female,Electronics,2,300,600
2023-09-01,September,Friday,Male,Clothing,2,300,600
2023-09-01,September,Friday,Male,Beauty,1,25,25
2023-09-02,September,Saturday,Female,Electronics,2,25,50
2023-09-02,September,Saturday,Male,Beauty,4,300,1200
2023-09-02,September,Saturday,Male,Beauty,4,30,120
2023-09-03,September,Sunday,Male,Electronics,1,300,300
2023-09-04,September,Monday,Female,Electronics,2,500,1000
2023-09-05,September,Tuesday,Female,Clothing,1,500,500
2023-09-05,September,Tuesday,Male,Electronics,1,30,30
2023-09-06,September,Wednesday,Male,Clothing,4,50,200
2023-09-06,September,Wednesday,Male,Clothing,3,30,90
2023-09-06,September,Wednesday,Female,Clothing,4,300,1200
2023-09-06,September,Wednesday,Male,Beauty,3,25,75
2023-09-06,September,Wednesday,Female,Clothing,4,50,200
2023-09-07,September,Thursday,Male,Clothing,4,30,120
2023-09-07,September,Thursday,Female,Clothing,2,50,100
2023-09-07,September,Thursday,Male,Clothing,4,50,200
2023-09-08,September,Friday,Female,Beauty,3,300,900
2023-09-08,September,Friday,Female,Beauty,3,25,75
2023-09-08,September,Friday,Male,Electronics,2,50,100
2023-09-08,September,Friday,Male,Electronics,2,25,50
2023-09-09,September,Saturday,Male,Electronics,2,50,100
2023-09-09,September,Saturday,Female,Beauty,2,25,50
2023-09-09,September,Saturday,Female,Beauty,1,50,50
2023-09-10,September,Sunday,Male,Electronics,4,50,200
2023-09-11,September,Monday,Female,Electronics,4,50,200
2023-09-11,September,Monday,Male,Beauty,4,500,2000
2023-09-13,September,Wednesday,Female,Electronics,2,25,50
2023-09-14,September,Thursday,Female,Clothing,4,300,1200
2023-09-15,September,Friday,Female,Clothing,3,25,75
2023-09-16,September,Saturday,Female,Clothing,2,25,50
2023-09-16,September,Saturday,Female,Electronics,4,500,2000
2023-09-16,September,Saturday,Female,Electronics,4,25,100
2023-09-17,September,Sunday,Female,Clothing,3,50,150
2023-09-17,September,Sunday,Male,Beauty,2,25,50
2023-09-17,September,Sunday,Male,Clothing,1,50,50
2023-09-17,September,Sunday,Male,Clothing,3,50,150
2023-09-17,September,Sunday,Female,Beauty,1,300,300
2023-09-18,September,Monday,Female,Beauty,2,300,600
2023-09-18,September,Monday,Female,Beauty,4,50,200
2023-09-18,September,Monday,Female,Beauty,4,50,200
2023-09-19,September,Tuesday,Male,Electronics,4,25,100
2023-09-19,September,Tuesday,Male,Beauty,2,30,60
2023-09-21,September,Thursday,Female,Electronics,3,25,75
2023-09-21,September,Thursday,Female,Electronics,1,30,30
2023-09-22,September,Friday,Male,Beauty,3,30,90
2023-09-22,September,Friday,Male,Beauty,1,50,50
2023-09-23,September,Saturday,Male,Clothing,2,50,100
2023-09-24,September,Sunday,Female,Electronics,1,300,300
2023-09-24,September,Sunday,Female,Electronics,3,30,90
2023-09-25,September,Monday,Female,Clothing,3,30,90
2023-09-25,September,Monday,Female,Beauty,2,50,100
2023-09-25,September,Monday,Female,Electronics,3,300,900
2023-09-26,September,Tuesday,Female,Electronics,2,50,100
2023-09-28,September,Thursday,Male,Electronics,1,300,300
2023-09-28,September,Thursday,Male,Beauty,1,25,25
2023-09-28,September,Thursday,Male,Electronics,2,50,100
2023-09-29,September,Friday,Male,Electronics,1,300,300
2023-09-29,September,Friday,Male,Electronics,3,50,150
2023-09-29,September,Friday,Female,Clothing,4,500,2000
2023-09-29,September,Friday,Female,Electronics,4,25,100
2023-09-30,September,Saturday,Female,Clothing,3,300,900
2023-09-30,September,Saturday,Female,Clothing,4,500,2000
2023-10-01,October,Sunday,Female,Electronics,4,500,2000
2023-10-01,October,Sunday,Female,Clothing,1,500,500
2023-10-01,October,Sunday,Male,Electronics,1,300,300
2023-10-02,October,Monday,Male,Beauty,3,25,75
2023-10-02,October,Monday,Male,Electronics,3,300,900
2023-10-02,October,Monday,Female,Beauty,4,25,100
2023-10-02,October,Monday,Male,Clothing,4,30,120
2023-10-02,October,Monday,Female,Electronics,1,50,50
2023-10-03,October,Tuesday,Male,Electronics,4,30,120
2023-10-03,October,Tuesday,Female,Beauty,2,300,600
2023-10-03,October,Tuesday,Male,Beauty,4,300,1200
2023-10-03,October,Tuesday,Male,Clothing,4,25,100
2023-10-03,October,Tuesday,Male,Electronics,3,50,150
2023-10-04,October,Wednesday,Male,Clothing,2,30,60
2023-10-04,October,Wednesday,Female,Electronics,4,50,200
2023-10-04,October,Wednesday,Male,Electronics,2,30,60
2023-10-04,October,Wednesday,Female,Beauty,2,300,600
2023-10-04,October,Wednesday,Male,Beauty,3,30,90
2023-10-04,October,Wednesday,Female,Clothing,4,500,2000
2023-10-05,October,Thursday,Male,Clothing,1,500,500
2023-10-05,October,Thursday,Male,Beauty,1,30,30
2023-10-06,October,Friday,Male,Electronics,3,500,1500
2023-10-07,October,Saturday,Female,Clothing,4,50,200
2023-10-07,October,Saturday,Female,Electronics,2,500,1000
2023-10-07,October,Saturday,Female,Electronics,4,300,1200
2023-10-07,October,Saturday,Male,Electronics,2,50,100
2023-10-08,October,Sunday,Female,Clothing,1,25,25
2023-10-08,October,Sunday,Male,Electronics,4,500,2000
2023-10-09,October,Monday,Male,Electronics,1,25,25
2023-10-09,October,Monday,Male,Electronics,2,25,50
2023-10-09,October,Monday,Male,Clothing,4,30,120
2023-10-10,October,Tuesday,Male,Beauty,4,30,120
2023-10-10,October,Tuesday,Female,Electronics,4,50,200
2023-10-10,October,Tuesday,Male,Beauty,4,300,1200
2023-10-10,October,Tuesday,Female,Beauty,2,300,600
2023-10-11,October,Wednesday,Male,Clothing,3,25,75
2023-10-11,October,Wednesday,Male,Electronics,2,50,100
2023-10-11,October,Wednesday,Female,Beauty,2,500,1000
2023-10-11,October,Wednesday,Female,Clothing,1,300,300
2023-10-11,October,Wednesday,Female,Electronics,4,50,200
2023-10-11,October,Wednesday,Female,Beauty,3,25,75
2023-10-11,October,Wednesday,Female,Electronics,1,500,500
2023-10-12,October,Thursday,Female,Beauty,1,25,25
2023-10-12,October,Thursday,Male,Clothing,3,50,150
2023-10-12,October,Thursday,Female,Clothing,1,300,300
2023-10-13,October,Friday,Female,Beauty,2,500,1000
2023-10-13,October,Friday,Male,Electronics,4,25,100
2023-10-13,October,Friday,Female,Electronics,3,25,75
2023-10-14,October,Saturday,Male,Electronics,2,30,60
2023-10-14,October,Saturday,Male,Clothing,1,50,50
2023-10-15,October,Sunday,Male,Clothing,2,50,100
2023-10-15,October,Sunday,Female,Electronics,4,50,200
2023-10-15,October,Sunday,Male,Electronics,4,300,1200
2023-10-16,October,Monday,Male,Electronics,2,30,60
2023-10-16,October,Monday,Male,Electronics,3,500,1500
2023-10-16,October,Monday,Female,Electronics,4,25,100
2023-10-16,October,Monday,Female,Clothing,4,300,1200
2023-10-17,October,Tuesday,Male,Beauty,3,25,75
2023-10-17,October,Tuesday,Male,Clothing,4,25,100
2023-10-18,October,Wednesday,Female,Electronics,4,500,2000
2023-10-18,October,Wednesday,Male,Beauty,1,25,25
2023-10-19,October,Thursday,Female,Clothing,4,300,1200
2023-10-19,October,Thursday,Male,Beauty,1,300,300
2023-10-19,October,Thursday,Female,Clothing,1,300,300
2023-10-19,October,Thursday,Male,Clothing,2,30,60
2023-10-20,October,Friday,Male,Clothing,1,50,50
2023-10-21,October,Saturday,Male,Electronics,1,50,50
2023-10-22,October,Sunday,Female,Beauty,2,500,1000
2023-10-22,October,Sunday,Female,Clothing,3,300,900
2023-10-22,October,Sunday,Male,Clothing,1,50,50
2023-10-23,October,Monday,Male,Beauty,3,50,150
2023-10-23,October,Monday,Male,Electronics,1,50,50
2023-10-23,October,Monday,Male,Beauty,4,25,100
2023-10-23,October,Monday,Female,Beauty,1,500,500
2023-10-24,October,Tuesday,Male,Clothing,1,25,25
2023-10-24,October,Tuesday,Female,Clothing,4,500,2000
2023-10-24,October,Tuesday,Male,Electronics,2,50,100
2023-10-24,October,Tuesday,Male,Beauty,3,25,75
2023-10-25,October,Wednesday,Male,Beauty,4,500,2000
2023-10-25,October,Wednesday,Male,Beauty,3,500,1500
2023-10-26,October,Thursday,Female,Clothing,3,30,90
2023-10-26,October,Thursday,Female,Beauty,1,50,50
2023-10-26,October,Thursday,Male,Clothing,2,300,600
2023-10-27,October,Friday,Male,Clothing,4,500,2000
2023-10-27,October,Friday,Female,Electronics,3,50,150
2023-10-27,October,Friday,Female,Beauty,3,500,1500
2023-10-29,October,Sunday,Female,Beauty,3,300,900
2023-10-29,October,Sunday,Female,Clothing,1,50,50
2023-10-29,October,Sunday,Male,Beauty,3,30,90
2023-10-29,October,Sunday,Female,Electronics,2,25,50
2023-10-29,October,Sunday,Female,Electronics,2,30,60
2023-10-29,October,Sunday,Female,Beauty,4,25,100
2023-10-30,October,Monday,Male,Beauty,3,25,75
2023-10-31,October,Tuesday,Female,Electronics,3,500,1500
2023-10-31,October,Tuesday,Male,Clothing,3,30,90
2023-10-31,October,Tuesday,Male,Beauty,4,50,200
2023-11-01,November,Wednesday,Male,Electronics,3,300,900
2023-11-01,November,Wednesday,Male,Electronics,2,25,50
2023-11-01,November,Wednesday,Female,Beauty,4,50,200
2023-11-01,November,Wednesday,Female,Clothing,1,300,300
2023-11-02,November,Thursday,Female,Electronics,1,50,50
2023-11-02,November,Thursday,Female,Clothing,3,25,75
2023-11-02,November,Thursday,Female,Electronics,3,500,1500
2023-11-02,November,Thursday,Male,Electronics,4,25,100
2023-11-02,November,Thursday,Female,Clothing,3,30,90
2023-11-02,November,Thursday,Male,Beauty,2,50,100
2023-11-03,November,Friday,Male,Electronics,4,300,1200
2023-11-04,November,Saturday,Female,Electronics,1,500,500
2023-11-05,November,Sunday,Male,Clothing,3,300,900
2023-11-05,November,Sunday,Female,Clothing,3,300,900
2023-11-06,November,Monday,Female,Beauty,3,500,1500
2023-11-06,November,Monday,Female,Clothing,4,300,1200
2023-11-07,November,Tuesday,Female,Clothing,1,25,25
2023-11-07,November,Tuesday,Female,Beauty,1,25,25
2023-11-07,November,Tuesday,Female,Beauty,2,30,60
2023-11-07,November,Tuesday,Female,Clothing,1,500,500
2023-11-07,November,Tuesday,Female,Electronics,2,25,50
2023-11-07,November,Tuesday,Male,Clothing,3,300,900
2023-11-08,November,Wednesday,Male,Beauty,3,30,90
2023-11-08,November,Wednesday,Male,Electronics,4,30,120
2023-11-09,November,Thursday,Female,Clothing,4,500,2000
2023-11-09,November,Thursday,Male,Beauty,3,300,900
2023-11-09,November,Thursday,Male,Clothing,4,50,200
2023-11-10,November,Friday,Male,Electronics,1,25,25
2023-11-10,November,Friday,Male,Electronics,3,30,90
2023-11-12,November,Sunday,Female,Beauty,3,50,150
2023-11-12,November,Sunday,Male,Electronics,3,25,75
2023-11-13,November,Monday,Male,Clothing,4,300,1200
2023-11-13,November,Monday,Female,Clothing,1,25,25
2023-11-14,November,Tuesday,Male,Electronics,1,30,30
2023-11-14,November,Tuesday,Female,Electronics,4,25,100
2023-11-14,November,Tuesday,Male,Clothing,3,300,900
2023-11-14,November,Tuesday,Female,Beauty,1,50,50
2023-11-15,November,Wednesday,Male,Electronics,3,500,1500
2023-11-15,November,Wednesday,Male,Electronics,4,25,100
2023-11-15,November,Wednesday,Male,Beauty,1,30,30
2023-11-16,November,Thursday,Male,Electronics,3,500,1500
2023-11-17,November,Friday,Male,Beauty,3,500,1500
2023-11-17,November,Friday,Female,Electronics,4,30,120
2023-11-17,November,Friday,Female,Clothing,3,300,900
2023-11-17,November,Friday,Male,Beauty,3,30,90
2023-11-18,November,Saturday,Female,Beauty,1,30,30
2023-11-18,November,Saturday,Male,Beauty,2,500,1000
2023-11-18,November,Saturday,Female,Beauty,4,25,100
2023-11-19,November,Sunday,Female,Beauty,2,50,100
2023-11-19,November,Sunday,Male,Clothing,4,50,200
2023-11-20,November,Monday,Female,Electronics,2,25,50
2023-11-21,November,Tuesday,Female,Clothing,2,50,100
2023-11-21,November,Tuesday,Male,Electronics,3,300,900
2023-11-21,November,Tuesday,Female,Beauty,2,30,60
2023-11-22,November,Wednesday,Female,Beauty,4,500,2000
2023-11-22,November,Wednesday,Female,Beauty,2,50,100
2023-11-22,November,Wednesday,Male,Clothing,4,25,100
2023-11-23,November,Thursday,Male,Beauty,4,300,1200
2023-11-23,November,Thursday,Female,Electronics,1,300,300
2023-11-23,November,Thursday,Female,Electronics,3,30,90
2023-11-24,November,Friday,Male,Beauty,3,50,150
2023-11-24,November,Friday,Female,Clothing,2,30,60
2023-11-24,November,Friday,Female,Clothing,3,300,900
2023-11-25,November,Saturday,Female,Clothing,4,25,100
2023-11-25,November,Saturday,Male,Beauty,2,25,50
2023-11-26,November,Sunday,Male,Clothing,3,500,1500
2023-11-26,November,Sunday,Female,Beauty,4,25,100
2023-11-27,November,Monday,Female,Beauty,3,30,90
2023-11-27,November,Monday,Male,Clothing,1,25,25
2023-11-27,November,Monday,Male,Electronics,4,30,120
2023-11-28,November,Tuesday,Female,Electronics,3,30,90
2023-11-28,November,Tuesday,Male,Electronics,1,300,300
2023-11-29,November,Wednesday,Female,Clothing,1,300,300
2023-11-29,November,Wednesday,Male,Clothing,3,500,1500
2023-11-29,November,Wednesday,Male,Beauty,1,25,25
2023-11-30,November,Thursday,Male,Electronics,2,30,60
2023-11-30,November,Thursday,Male,Clothing,1,300,300
2023-11-30,November,Thursday,Male,Electronics,4,25,100
2023-12-01,December,Friday,Female,Electronics,2,30,60
2023-12-01,December,Friday,Male,Clothing,2,25,50
2023-12-02,December,Saturday,Male,Clothing,3,500,1500
2023-12-02,December,Saturday,Female,Clothing,1,30,30
2023-12-02,December,Saturday,Female,Electronics,3,500,1500
2023-12-03,December,Sunday,Female,Electronics,2,300,600
2023-12-04,December,Monday,Male,Beauty,3,500,1500
2023-12-04,December,Monday,Female,Clothing,1,50,50
2023-12-04,December,Monday,Male,Electronics,1,30,30
2023-12-04,December,Monday,Female,Beauty,3,50,150
2023-12-05,December,Tuesday,Male,Electronics,4,500,2000
2023-12-05,December,Tuesday,Female,Beauty,4,25,100
2023-12-05,December,Tuesday,Female,Beauty,1,25,25
2023-12-05,December,Tuesday,Female,Electronics,4,50,200
2023-12-05,December,Tuesday,Female,Electronics,3,50,150
2023-12-06,December,Wednesday,Male,Electronics,2,500,1000
2023-12-06,December,Wednesday,Male,Beauty,3,30,90
2023-12-06,December,Wednesday,Female,Clothing,3,500,1500
2023-12-06,December,Wednesday,Female,Beauty,2,25,50
2023-12-06,December,Wednesday,Female,Electronics,1,300,300
2023-12-07,December,Thursday,Male,Electronics,1,500,500
2023-12-07,December,Thursday,Male,Clothing,3,300,900
2023-12-08,December,Friday,Male,Clothing,2,300,600
2023-12-08,December,Friday,Female,Clothing,2,500,1000
2023-12-08,December,Friday,Female,Electronics,3,300,900
2023-12-08,December,Friday,Male,Clothing,1,300,300
2023-12-09,December,Saturday,Male,Beauty,2,50,100
2023-12-09,December,Saturday,Female,Electronics,1,500,500
2023-12-09,December,Saturday,Male,Electronics,1,25,25
2023-12-09,December,Saturday,Male,Electronics,4,500,2000
2023-12-09,December,Saturday,Male,Clothing,2,50,100
2023-12-09,December,Saturday,Female,Electronics,4,300,1200
2023-12-10,December,Sunday,Female,Clothing,2,30,60
2023-12-10,December,Sunday,Male,Beauty,2,30,60
2023-12-10,December,Sunday,Female,Electronics,4,300,1200
2023-12-10,December,Sunday,Male,Clothing,2,50,100
2023-12-11,December,Monday,Male,Clothing,3,300,900
2023-12-11,December,Monday,Male,Electronics,1,50,50
2023-12-12,December,Tuesday,Female,Beauty,3,50,150
2023-12-12,December,Tuesday,Female,Electronics,1,50,50
2023-12-13,December,Wednesday,Male,Electronics,2,300,600
2023-12-13,December,Wednesday,Female,Electronics,3,25,75
2023-12-13,December,Wednesday,Male,Electronics,2,25,50
2023-12-14,December,Thursday,Male,Clothing,2,300,600
2023-12-14,December,Thursday,Female,Beauty,2,30,60
2023-12-15,December,Friday,Male,Beauty,4,500,2000
2023-12-15,December,Friday,Male,Clothing,1,50,50
2023-12-16,December,Saturday,Male,Electronics,2,50,100
2023-12-16,December,Saturday,Male,Electronics,2,500,1000
2023-12-16,December,Saturday,Female,Electronics,1,30,30
2023-12-17,December,Sunday,Female,Electronics,4,300,1200
2023-12-17,December,Sunday,Female,Clothing,1,300,300
2023-12-18,December,Monday,Female,Electronics,3,300,900
2023-12-18,December,Monday,Female,Beauty,2,25,50
2023-12-18,December,Monday,Female,Electronics,1,300,300
2023-12-18,December,Monday,Female,Beauty,2,500,1000
2023-12-19,December,Tuesday,Female,Clothing,2,300,600
2023-12-19,December,Tuesday,Female,Clothing,2,50,100
2023-12-19,December,Tuesday,Female,Beauty,3,30,90
2023-12-20,December,Wednesday,Female,Electronics,4,50,200
2023-12-20,December,Wednesday,Female,Beauty,3,300,900
2023-12-20,December,Wednesday,Male,Electronics,3,50,150
2023-12-20,December,Wednesday,Male,Clothing,1,50,50
2023-12-20,December,Wednesday,Male,Electronics,2,25,50
2023-12-21,December,Thursday,Female,Clothing,1,300,300
2023-12-22,December,Friday,Male,Beauty,2,500,1000
2023-12-23,December,Saturday,Female,Beauty,1,25,25
2023-12-23,December,Saturday,Female,Electronics,1,25,25
2023-12-23,December,Saturday,Female,Electronics,1,300,300
2023-12-23,December,Saturday,Female,Clothing,4,25,100
2023-12-23,December,Saturday,Female,Electronics,3,300,900
2023-12-23,December,Saturday,Male,Beauty,1,500,500
2023-12-24,December,Sunday,Female,Clothing,3,50,150
2023-12-24,December,Sunday,Female,Electronics,1,50,50
2023-12-25,December,Monday,Female,Electronics,4,300,1200
2023-12-26,December,Tuesday,Female,Beauty,1,50,50
2023-12-26,December,Tuesday,Female,Beauty,4,50,200
2023-12-26,December,Tuesday,Female,Beauty,3,300,900
2023-12-26,December,Tuesday,Female,Clothing,2,300,600
2023-12-26,December,Tuesday,Male,Clothing,1,30,30
2023-12-26,December,Tuesday,Female,Clothing,2,50,100
2023-12-27,December,Wednesday,Male,Beauty,2,50,100
2023-12-27,December,Wednesday,Female,Electronics,2,300,600
2023-12-28,December,Thursday,Male,Electronics,2,25,50
2023-12-28,December,Thursday,Female,Clothing,4,500,2000
2023-12-28,December,Thursday,Female,Electronics,1,25,25
2023-12-29,December,Friday,Female,Beauty,2,300,600
2023-12-29,December,Friday,Female,Electronics,4,25,100
2023-12-29,December,Friday,Female,Beauty,3,500,1500
2023-12-29,December,Friday,Male,Beauty,4,300,1200
2023-12-31,December,Sunday,Male,Electronics,2,25,50
