Transaction Date,Customer Gender,Product Category,Sold Quantity,Price Per Unit
01-01-2023,Male,Clothing,3,300
01-01-2023,Male,Beauty,3,500
01-01-2023,Female,Clothing,4,300
02-01-2023,Female,Clothing,3,50
02-01-2023,Male,Electronics,3,30
02-01-2023,Female,Clothing,3,500
02-01-2023,Female,Beauty,1,25
03-01-2023,Female,Beauty,2,300
04-01-2023,Male,Beauty,3,30
04-01-2023,Female,Clothing,3,50
04-01-2023,Male,Beauty,2,500
05-01-2023,Female,Electronics,1,50
05-01-2023,Male,Beauty,2,25
05-01-2023,Female,Electronics,2,500
06-01-2023,Female,Electronics,4,30
06-01-2023,Male,Clothing,1,500
07-01-2023,Male,Clothing,3,25
07-01-2023,Male,Electronics,3,25
08-01-2023,Male,Clothing,2,300
08-01-2023,Female,Electronics,1,25
09-01-2023,Male,Clothing,4,50
10-01-2023,Male,Electronics,4,50
10-01-2023,Female,Clothing,1,30
11-01-2023,Female,Beauty,4,25
11-01-2023,Female,Beauty,3,30
11-01-2023,Female,Clothing,3,30
13-01-2023,Male,Electronics,1,30
13-01-2023,Male,Electronics,2,300
13-01-2023,Female,Clothing,4,300
13-01-2023,Male,Electronics,4,25
14-01-2023,Female,Beauty,1,500
14-01-2023,Female,Beauty,3,300
14-01-2023,Male,Beauty,3,25
14-01-2023,Female,Beauty,3,25
15-01-2023,Male,Beauty,2,30
15-01-2023,Male,Clothing,1,500
15-01-2023,Male,Electronics,4,25
16-01-2023,Female,Electronics,4,500
16-01-2023,Female,Beauty,4,500
17-01-2023,Male,Clothing,4,30
17-01-2023,Female,Clothing,1,25
17-01-2023,Female,Beauty,1,500
17-01-2023,Female,Clothing,2,500
19-01-2023,Female,Clothing,1,30
20-01-2023,Male,Clothing,3,25
20-01-2023,Male,Beauty,1,50
21-01-2023,Female,Beauty,1,30
21-01-2023,Female,Beauty,2,30
21-01-2023,Female,Electronics,4,500
22-01-2023,Female,Electronics,1,300
22-01-2023,Male,Electronics,1,25
23-01-2023,Female,Electronics,2,500
23-01-2023,Female,Clothing,4,500
23-01-2023,Female,Electronics,4,30
24-01-2023,Male,Clothing,4,25
24-01-2023,Female,Beauty,4,500
24-01-2023,Male,Beauty,3,50
25-01-2023,Male,Electronics,1,50
26-01-2023,Male,Clothing,4,30
26-01-2023,Female,Beauty,3,300
26-01-2023,Female,Beauty,1,50
26-01-2023,Female,Beauty,3,500
27-01-2023,Male,Clothing,2,30
27-01-2023,Male,Clothing,4,25
27-01-2023,Female,Beauty,3,25
28-01-2023,Male,Clothing,3,300
28-01-2023,Male,Electronics,3,30
28-01-2023,Female,Electronics,1,30
29-01-2023,Male,Clothing,2,300
30-01-2023,Male,Beauty,1,50
30-01-2023,Male,Electronics,3,30
30-01-2023,Male,Electronics,1,500
30-01-2023,Female,Electronics,4,25
31-01-2023,Female,Electronics,2,500
31-01-2023,Female,Electronics,4,50
31-01-2023,Male,Clothing,3,300
01-02-2023,Male,Clothing,4,500
01-02-2023,Female,Electronics,4,300
01-02-2023,Female,Clothing,3,500
02-02-2023,Male,Electronics,4,300
02-02-2023,Female,Clothing,1,25
02-02-2023,Male,Electronics,3,50
03-02-2023,Female,Clothing,4,300
03-02-2023,Male,Beauty,1,30
04-02-2023,Female,Beauty,2,500
04-02-2023,Female,Beauty,4,30
05-02-2023,Male,Electronics,2,25
05-02-2023,Male,Clothing,1,30
05-02-2023,Female,Electronics,4,300
05-02-2023,Female,Clothing,1,25
05-02-2023,Male,Clothing,3,50
05-02-2023,Female,Electronics,4,30
05-02-2023,Female,Beauty,4,50
05-02-2023,Male,Beauty,1,30
06-02-2023,Male,Clothing,3,50
06-02-2023,Female,Beauty,1,25
06-02-2023,Female,Beauty,1,300
06-02-2023,Female,Electronics,3,50
07-02-2023,Male,Clothing,2,50
07-02-2023,Female,Beauty,3,500
07-02-2023,Female,Electronics,1,300
07-02-2023,Male,Beauty,4,50
08-02-2023,Male,Clothing,4,50
08-02-2023,Female,Electronics,2,25
08-02-2023,Female,Electronics,4,25
08-02-2023,Female,Electronics,3,25
09-02-2023,Female,Clothing,2,300
10-02-2023,Female,Electronics,3,500
10-02-2023,Male,Electronics,1,300
10-02-2023,Male,Beauty,2,50
11-02-2023,Male,Electronics,3,30
11-02-2023,Male,Clothing,2,500
11-02-2023,Male,Clothing,1,25
11-02-2023,Male,Electronics,2,500
11-02-2023,Male,Beauty,4,25
12-02-2023,Female,Clothing,1,500
13-02-2023,Male,Beauty,3,500
13-02-2023,Male,Beauty,4,500
13-02-2023,Female,Clothing,3,25
13-02-2023,Male,Beauty,1,25
14-02-2023,Male,Clothing,2,50
14-02-2023,Male,Electronics,1,300
16-02-2023,Male,Electronics,3,300
17-02-2023,Male,Clothing,3,500
17-02-2023,Male,Clothing,3,300
17-02-2023,Male,Beauty,4,300
17-02-2023,Male,Electronics,4,500
17-02-2023,Female,Beauty,4,50
17-02-2023,Female,Clothing,3,30
18-02-2023,Male,Clothing,2,500
19-02-2023,Female,Clothing,1,25
19-02-2023,Male,Beauty,4,500
20-02-2023,Female,Electronics,1,30
20-02-2023,Male,Clothing,4,25
20-02-2023,Male,Electronics,2,500
21-02-2023,Female,Clothing,1,300
21-02-2023,Female,Beauty,1,25
21-02-2023,Male,Clothing,2,30
22-02-2023,Male,Electronics,4,25
22-02-2023,Male,Clothing,2,25
22-02-2023,Female,Beauty,1,25
22-02-2023,Male,Electronics,2,25
22-02-2023,Female,Beauty,3,25
23-02-2023,Female,Beauty,1,30
24-02-2023,Male,Clothing,1,300
24-02-2023,Male,Clothing,4,50
24-02-2023,Male,Beauty,3,500
24-02-2023,Male,Clothing,4,300
25-02-2023,Female,Electronics,2,50
25-02-2023,Male,Beauty,1,50
25-02-2023,Male,Beauty,3,500
25-02-2023,Male,Electronics,3,300
26-02-2023,Male,Clothing,2,25
27-02-2023,Female,Clothing,2,500
27-02-2023,Female,Electronics,2,300
27-02-2023,Male,Clothing,1,25
27-02-2023,Male,Beauty,4,50
28-02-2023,Male,Electronics,4,500
28-02-2023,Female,Clothing,1,30
28-02-2023,Male,Clothing,2,25
28-02-2023,Female,Beauty,4,25
01-03-2023,Female,Beauty,2,30
01-03-2023,Female,Beauty,4,25
01-03-2023,Female,Electronics,1,300
02-03-2023,Male,Beauty,1,300
03-03-2023,Male,Beauty,1,500
03-03-2023,Female,Electronics,2,25
03-03-2023,Female,Beauty,4,50
03-03-2023,Female,Clothing,4,30
03-03-2023,Female,Electronics,4,25
04-03-2023,Female,Beauty,2,500
05-03-2023,Female,Beauty,1,300
05-03-2023,Female,Beauty,4,30
06-03-2023,Female,Clothing,4,50
06-03-2023,Female,Clothing,3,25
06-03-2023,Female,Beauty,3,50
06-03-2023,Female,Electronics,4,50
07-03-2023,Female,Beauty,3,300
07-03-2023,Female,Clothing,3,30
07-03-2023,Male,Clothing,4,500
07-03-2023,Male,Electronics,2,25
08-03-2023,Female,Clothing,1,25
09-03-2023,Male,Clothing,3,300
09-03-2023,Male,Clothing,4,25
09-03-2023,Female,Clothing,4,50
10-03-2023,Female,Beauty,1,25
10-03-2023,Male,Clothing,3,50
11-03-2023,Male,Clothing,1,500
12-03-2023,Female,Clothing,1,500
12-03-2023,Male,Clothing,1,25
13-03-2023,Male,Clothing,2,25
13-03-2023,Female,Clothing,3,50
13-03-2023,Female,Clothing,4,25
15-03-2023,Male,Electronics,2,500
17-03-2023,Female,Clothing,4,25
17-03-2023,Male,Clothing,3,300
17-03-2023,Male,Clothing,3,25
18-03-2023,Female,Clothing,4,30
18-03-2023,Male,Clothing,3,500
19-03-2023,Female,Electronics,1,30
19-03-2023,Female,Clothing,2,25
20-03-2023,Male,Electronics,2,300
20-03-2023,Female,Electronics,4,25
20-03-2023,Male,Clothing,4,300
20-03-2023,Male,Clothing,3,50
20-03-2023,Female,Beauty,3,300
21-03-2023,Male,Beauty,4,50
21-03-2023,Female,Beauty,3,500
21-03-2023,Female,Clothing,2,300
21-03-2023,Male,Clothing,4,300
22-03-2023,Male,Beauty,2,500
22-03-2023,Male,Beauty,2,50
22-03-2023,Female,Beauty,3,30
22-03-2023,Male,Clothing,1,50
22-03-2023,Female,Clothing,3,50
23-03-2023,Female,Electronics,2,50
23-03-2023,Male,Clothing,4,50
23-03-2023,Male,Clothing,3,50
23-03-2023,Female,Beauty,3,500
24-03-2023,Male,Beauty,2,50
24-03-2023,Male,Electronics,3,50
25-03-2023,Female,Electronics,2,50
25-03-2023,Female,Electronics,1,500
25-03-2023,Female,Beauty,2,500
25-03-2023,Female,Clothing,1,25
26-03-2023,Female,Clothing,4,300
26-03-2023,Male,Clothing,4,30
26-03-2023,Male,Electronics,2,50
27-03-2023,Female,Clothing,3,30
27-03-2023,Male,Beauty,1,500
28-03-2023,Male,Clothing,2,50
29-03-2023,Male,Clothing,1,500
30-03-2023,Female,Clothing,4,50
31-03-2023,Male,Clothing,4,300
01-04-2023,Male,Electronics,4,300
01-04-2023,Female,Beauty,4,300
01-04-2023,Male,Beauty,4,500
02-04-2023,Male,Clothing,4,500
02-04-2023,Female,Electronics,3,50
02-04-2023,Male,Electronics,3,50
02-04-2023,Male,Beauty,1,300
03-04-2023,Female,Beauty,2,250
03-04-2023,Male,Clothing,1,500
04-04-2023,Female,Clothing,3,500
04-04-2023,Female,Clothing,2,30
04-04-2023,Female,Beauty,2,30
05-04-2023,Male,Electronics,3,300
05-04-2023,Female,Clothing,4,300
06-04-2023,Male,Electronics,4,300
08-04-2023,Male,Clothing,1,30
08-04-2023,Male,Clothing,2,500
08-04-2023,Male,Clothing,4,30
08-04-2023,Female,Clothing,4,25
08-04-2023,Female,Electronics,4,300
09-04-2023,Male,Beauty,4,50
09-04-2023,Female,Clothing,2,500
09-04-2023,Female,Electronics,1,25
09-04-2023,Female,Clothing,2,30
09-04-2023,Male,Electronics,3,300
09-04-2023,Male,Electronics,1,50
10-04-2023,Male,Clothing,1,30
10-04-2023,Male,Electronics,1,30
11-04-2023,Male,Clothing,2,25
12-04-2023,Female,Clothing,4,30
12-04-2023,Female,Beauty,1,300
12-04-2023,Female,Beauty,2,500
12-04-2023,Female,Clothing,2,25
12-04-2023,Male,Electronics,4,30
13-04-2023,Male,Electronics,4,50
13-04-2023,Female,Clothing,2,30
13-04-2023,Male,Beauty,2,50
15-04-2023,Female,Beauty,4,50
15-04-2023,Female,Beauty,1,500
16-04-2023,Female,Clothing,1,300
17-04-2023,Male,Beauty,1,25
18-04-2023,Male,Beauty,1,300
18-04-2023,Female,Beauty,4,25
18-04-2023,Female,Beauty,2,25
18-04-2023,Male,Electronics,2,25
19-04-2023,Female,Beauty,3,25
19-04-2023,Female,Electronics,3,500
19-04-2023,Female,Beauty,2,25
19-04-2023,Male,Clothing,3,50
19-04-2023,Female,Clothing,1,50
19-04-2023,Female,Clothing,3,300
20-04-2023,Female,Electronics,2,25
20-04-2023,Male,Beauty,4,300
20-04-2023,Female,Beauty,3,25
20-04-2023,Male,Clothing,4,500
20-04-2023,Male,Clothing,1,50
21-04-2023,Male,Clothing,4,30
21-04-2023,Male,Electronics,1,50
22-04-2023,Female,Clothing,4,25
22-04-2023,Female,Clothing,2,25
22-04-2023,Female,Clothing,3,25
23-04-2023,Female,Beauty,1,500
23-04-2023,Female,Beauty,2,50
23-04-2023,Female,Beauty,2,300
23-04-2023,Male,Beauty,1,25
23-04-2023,Female,Clothing,3,30
23-04-2023,Female,Clothing,3,30
23-04-2023,Male,Beauty,3,500
24-04-2023,Male,Clothing,4,30
24-04-2023,Female,Electronics,2,25
25-04-2023,Female,Beauty,1,30
25-04-2023,Male,Clothing,1,30
25-04-2023,Male,Clothing,2,50
26-04-2023,Male,Clothing,4,30
26-04-2023,Male,Electronics,2,30
26-04-2023,Male,Beauty,3,30
27-04-2023,Female,Electronics,1,30
27-04-2023,Female,Clothing,4,300
27-04-2023,Female,Beauty,4,50
28-04-2023,Female,Beauty,2,25
28-04-2023,Female,Electronics,2,30
28-04-2023,Female,Clothing,1,25
29-04-2023,Female,Beauty,2,500
29-04-2023,Female,Clothing,2,30
29-04-2023,Female,Clothing,3,300
30-04-2023,Female,Electronics,2,25
30-04-2023,Female,Beauty,3,25
30-04-2023,Female,Clothing,1,30
01-05-2023,Male,Clothing,1,500
01-05-2023,Female,Clothing,1,25
01-05-2023,Female,Beauty,2,50
02-05-2023,Male,Clothing,1,25
02-05-2023,Male,Electronics,3,30
02-05-2023,Male,Beauty,1,50
03-05-2023,Male,Clothing,3,25
03-05-2023,Female,Electronics,3,25
03-05-2023,Male,Clothing,3,30
03-05-2023,Male,Beauty,1,30
03-05-2023,Male,Beauty,1,30
04-05-2023,Female,Beauty,3,30
04-05-2023,Male,Clothing,2,25
04-05-2023,Male,Beauty,2,500
05-05-2023,Male,Electronics,1,300
05-05-2023,Male,Electronics,1,50
05-05-2023,Female,Electronics,2,500
05-05-2023,Male,Clothing,4,30
05-05-2023,Male,Electronics,1,50
06-05-2023,Male,Beauty,2,50
06-05-2023,Female,Electronics,1,30
06-05-2023,Male,Electronics,2,300
06-05-2023,Male,Electronics,2,30
06-05-2023,Male,Electronics,4,50
07-05-2023,Male,Beauty,1,50
07-05-2023,Male,Beauty,2,300
07-05-2023,Male,Clothing,4,50
07-05-2023,Female,Electronics,4,30
07-05-2023,Male,Electronics,1,25
08-05-2023,Female,Beauty,1,50
08-05-2023,Female,Electronics,1,500
08-05-2023,Female,Clothing,3,500
08-05-2023,Male,Beauty,3,25
08-05-2023,Male,Electronics,3,25
08-05-2023,Male,Electronics,4,500
09-05-2023,Male,Clothing,2,30
09-05-2023,Male,Beauty,4,25
09-05-2023,Male,Electronics,1,500
10-05-2023,Male,Clothing,4,500
10-05-2023,Male,Clothing,4,50
11-05-2023,Female,Clothing,1,30
12-05-2023,Male,Clothing,4,25
13-05-2023,Female,Beauty,4,50
13-05-2023,Male,Electronics,2,300
14-05-2023,Male,Electronics,1,500
14-05-2023,Male,Electronics,2,30
14-05-2023,Female,Clothing,1,500
15-05-2023,Female,Electronics,2,30
15-05-2023,Female,Beauty,3,500
15-05-2023,Female,Electronics,4,30
16-05-2023,Male,Electronics,3,300
16-05-2023,Female,Electronics,4,500
16-05-2023,Male,Clothing,2,500
16-05-2023,Female,Beauty,1,30
16-05-2023,Female,Beauty,1,300
16-05-2023,Female,Beauty,1,30
16-05-2023,Female,Clothing,2,300
16-05-2023,Male,Electronics,4,50
16-05-2023,Female,Beauty,3,50
16-05-2023,Male,Electronics,4,500
16-05-2023,Male,Clothing,1,50
17-05-2023,Male,Electronics,1,50
17-05-2023,Male,Electronics,4,500
17-05-2023,Female,Clothing,2,500
18-05-2023,Female,Clothing,1,50
18-05-2023,Male,Electronics,1,500
19-05-2023,Female,Beauty,2,500
19-05-2023,Male,Beauty,2,25
19-05-2023,Male,Electronics,1,300
20-05-2023,Male,Clothing,2,300
20-05-2023,Male,Clothing,3,25
20-05-2023,Female,Electronics,2,25
21-05-2023,Male,Clothing,1,500
21-05-2023,Male,Clothing,3,500
21-05-2023,Male,Electronics,3,300
22-05-2023,Female,Clothing,3,30
22-05-2023,Female,Clothing,4,25
22-05-2023,Male,Beauty,3,500
22-05-2023,Female,Clothing,4,30
23-05-2023,Male,Electronics,4,300
23-05-2023,Female,Beauty,3,25
23-05-2023,Female,Electronics,4,500
23-05-2023,Female,Electronics,3,300
23-05-2023,Female,Beauty,4,500
23-05-2023,Male,Electronics,1,30
23-05-2023,Female,Electronics,3,300
23-05-2023,Male,Clothing,4,300
23-05-2023,Female,Beauty,3,50
24-05-2023,Male,Clothing,2,25
25-05-2023,Male,Electronics,2,500
25-05-2023,Male,Clothing,2,300
25-05-2023,Female,Beauty,2,500
26-05-2023,Female,Clothing,2,500
26-05-2023,Female,Clothing,4,30
26-05-2023,Male,Beauty,3,300
27-05-2023,Female,Electronics,2,25
27-05-2023,Female,Clothing,4,500
27-05-2023,Male,Clothing,3,50
28-05-2023,Female,Clothing,3,25
29-05-2023,Female,Beauty,4,300
30-05-2023,Female,Beauty,3,30
30-05-2023,Female,Electronics,2,25
31-05-2023,Female,Clothing,3,300
31-05-2023,Male,Clothing,4,50
31-05-2023,Male,Electronics,4,300
01-06-2023,Male,Clothing,2,30
01-06-2023,Male,Clothing,2,25
01-06-2023,Female,Beauty,1,50
02-06-2023,Female,Clothing,2,25
02-06-2023,Male,Electronics,2,25
02-06-2023,Male,Electronics,2,25
03-06-2023,Male,Beauty,1,25
03-06-2023,Female,Clothing,1,500
03-06-2023,Female,Beauty,1,500
04-06-2023,Male,Beauty,1,30
04-06-2023,Female,Electronics,1,50
04-06-2023,Male,Clothing,3,300
04-06-2023,Female,Clothing,1,50
05-06-2023,Female,Electronics,1,50
05-06-2023,Male,Clothing,2,25
06-06-2023,Female,Electronics,4,300
06-06-2023,Male,Electronics,1,500
06-06-2023,Female,Electronics,2,25
06-06-2023,Male,Beauty,4,50
07-06-2023,Female,Clothing,2,50
07-06-2023,Male,Electronics,1,50
08-06-2023,Male,Beauty,1,500
08-06-2023,Female,Beauty,4,300
09-06-2023,Male,Clothing,3,500
09-06-2023,Male,Clothing,4,50
09-06-2023,Female,Electronics,4,30
10-06-2023,Female,Electronics,2,25
10-06-2023,Male,Electronics,3,500
10-06-2023,Female,Beauty,4,50
10-06-2023,Male,Clothing,2,500
11-06-2023,Female,Beauty,2,500
11-06-2023,Male,Clothing,3,300
11-06-2023,Male,Electronics,2,500
11-06-2023,Male,Clothing,1,300
11-06-2023,Male,Clothing,4,25
12-06-2023,Male,Electronics,2,25
13-06-2023,Female,Clothing,1,500
14-06-2023,Female,Clothing,3,300
15-06-2023,Male,Beauty,4,30
15-06-2023,Female,Beauty,2,50
16-06-2023,Male,Electronics,1,30
16-06-2023,Male,Beauty,4,50
17-06-2023,Female,Beauty,1,50
17-06-2023,Female,Beauty,4,50
17-06-2023,Male,Clothing,4,300
18-06-2023,Female,Electronics,3,300
19-06-2023,Male,Electronics,3,500
19-06-2023,Female,Clothing,4,25
19-06-2023,Female,Clothing,4,30
19-06-2023,Male,Beauty,4,300
19-06-2023,Female,Clothing,1,25
20-06-2023,Female,Clothing,3,30
20-06-2023,Male,Electronics,4,25
21-06-2023,Female,Electronics,4,25
21-06-2023,Male,Clothing,3,25
22-06-2023,Male,Beauty,1,50
22-06-2023,Female,Clothing,4,30
22-06-2023,Male,Beauty,3,300
22-06-2023,Female,Clothing,3,50
23-06-2023,Female,Clothing,1,50
23-06-2023,Female,Beauty,4,30
24-06-2023,Male,Beauty,3,300
24-06-2023,Male,Electronics,4,500
24-06-2023,Male,Beauty,4,30
24-06-2023,Female,Electronics,4,300
24-06-2023,Male,Electronics,4,500
25-06-2023,Female,Electronics,3,300
26-06-2023,Female,Electronics,4,300
26-06-2023,Female,Electronics,3,300
26-06-2023,Male,Beauty,1,30
27-06-2023,Female,Beauty,3,300
28-06-2023,Male,Beauty,1,300
29-06-2023,Female,Beauty,4,500
29-06-2023,Male,Beauty,4,25
29-06-2023,Female,Clothing,1,50
30-06-2023,Female,Clothing,2,500
30-06-2023,Female,Clothing,1,30
01-07-2023,Female,Clothing,3,500
01-07-2023,Male,Beauty,2,30
01-07-2023,Male,Electronics,4,25
01-07-2023,Male,Beauty,3,30
03-07-2023,Female,Electronics,1,30
03-07-2023,Male,Electronics,4,50
04-07-2023,Male,Clothing,1,500
05-07-2023,Male,Clothing,1,50
05-07-2023,Male,Beauty,1,500
05-07-2023,Male,Clothing,4,50
05-07-2023,Female,Beauty,1,30
06-07-2023,Male,Beauty,4,50
06-07-2023,Male,Beauty,4,500
06-07-2023,Female,Clothing,2,30
08-07-2023,Male,Electronics,2,50
08-07-2023,Female,Electronics,4,30
09-07-2023,Female,Clothing,2,50
09-07-2023,Female,Clothing,4,25
09-07-2023,Male,Clothing,3,25
09-07-2023,Female,Beauty,1,50
11-07-2023,Female,Beauty,2,50
11-07-2023,Male,Electronics,2,50
12-07-2023,Male,Electronics,1,30
13-07-2023,Male,Electronics,2,50
14-07-2023,Female,Clothing,1,300
14-07-2023,Female,Beauty,4,25
14-07-2023,Female,Beauty,4,500
14-07-2023,Male,Beauty,2,300
14-07-2023,Male,Electronics,3,300
14-07-2023,Female,Electronics,2,30
14-07-2023,Male,Beauty,3,300
14-07-2023,Male,Electronics,3,50
14-07-2023,Male,Beauty,3,30
14-07-2023,Male,Clothing,1,25
15-07-2023,Female,Beauty,3,500
15-07-2023,Female,Clothing,3,500
16-07-2023,Female,Clothing,3,30
16-07-2023,Female,Clothing,4,25
17-07-2023,Female,Clothing,1,50
17-07-2023,Female,Clothing,3,300
19-07-2023,Female,Electronics,2,30
19-07-2023,Male,Electronics,3,500
19-07-2023,Female,Electronics,4,50
19-07-2023,Female,Electronics,1,300
21-07-2023,Female,Electronics,2,500
22-07-2023,Female,Beauty,4,25
22-07-2023,Male,Clothing,1,50
23-07-2023,Male,Electronics,4,500
24-07-2023,Female,Clothing,2,25
24-07-2023,Male,Beauty,3,500
24-07-2023,Male,Clothing,4,500
24-07-2023,Male,Beauty,2,30
24-07-2023,Male,Electronics,2,500
25-07-2023,Female,Electronics,1,500
25-07-2023,Male,Electronics,2,500
25-07-2023,Male,Beauty,1,500
26-07-2023,Male,Electronics,1,300
26-07-2023,Male,Beauty,2,50
26-07-2023,Male,Beauty,2,300
27-07-2023,Female,Beauty,3,30
27-07-2023,Female,Clothing,2,300
27-07-2023,Female,Electronics,1,500
28-07-2023,Male,Electronics,1,500
28-07-2023,Female,Beauty,3,300
28-07-2023,Female,Beauty,3,300
28-07-2023,Female,Electronics,3,50
28-07-2023,Female,Beauty,2,500
29-07-2023,Male,Beauty,1,500
29-07-2023,Female,Electronics,3,25
30-07-2023,Female,Beauty,4,30
30-07-2023,Female,Electronics,3,50
31-07-2023,Female,Beauty,3,500
01-08-2023,Male,Beauty,4,30
01-08-2023,Female,Electronics,1,500
01-08-2023,Female,Beauty,2,50
02-08-2023,Female,Electronics,2,25
03-08-2023,Female,Beauty,2,25
03-08-2023,Male,Electronics,1,25
03-08-2023,Female,Electronics,1,300
04-08-2023,Female,Beauty,2,50
04-08-2023,Female,Clothing,2,30
04-08-2023,Female,Clothing,2,25
04-08-2023,Male,Clothing,1,50
05-08-2023,Male,Electronics,3,500
05-08-2023,Female,Beauty,3,300
05-08-2023,Male,Electronics,1,30
05-08-2023,Male,Clothing,1,25
05-08-2023,Male,Clothing,2,25
05-08-2023,Male,Clothing,1,500
05-08-2023,Female,Beauty,4,300
05-08-2023,Female,Electronics,2,500
06-08-2023,Female,Electronics,1,500
06-08-2023,Female,Electronics,4,500
07-08-2023,Female,Electronics,3,300
07-08-2023,Male,Beauty,4,30
08-08-2023,Male,Clothing,2,50
08-08-2023,Female,Clothing,4,300
08-08-2023,Male,Clothing,1,25
08-08-2023,Male,Clothing,2,30
09-08-2023,Female,Clothing,4,50
09-08-2023,Male,Clothing,2,300
09-08-2023,Female,Clothing,3,50
09-08-2023,Male,Clothing,2,30
10-08-2023,Male,Clothing,4,50
11-08-2023,Female,Clothing,2,50
11-08-2023,Male,Beauty,2,300
11-08-2023,Female,Electronics,4,50
12-08-2023,Male,Beauty,2,50
12-08-2023,Female,Clothing,4,30
12-08-2023,Female,Electronics,3,50
12-08-2023,Male,Beauty,2,500
13-08-2023,Female,Electronics,4,50
13-08-2023,Male,Clothing,1,500
14-08-2023,Male,Beauty,4,300
14-08-2023,Male,Electronics,1,30
15-08-2023,Female,Electronics,1,25
15-08-2023,Male,Electronics,1,25
15-08-2023,Male,Electronics,4,50
15-08-2023,Male,Clothing,1,500
15-08-2023,Male,Clothing,2,50
15-08-2023,Female,Electronics,4,30
17-08-2023,Female,Electronics,3,300
18-08-2023,Female,Electronics,1,30
18-08-2023,Male,Clothing,4,25
18-08-2023,Female,Electronics,3,500
19-08-2023,Male,Electronics,1,500
19-08-2023,Female,Electronics,2,50
19-08-2023,Male,Clothing,3,500
19-08-2023,Female,Electronics,2,30
20-08-2023,Female,Electronics,3,30
21-08-2023,Male,Electronics,3,30
21-08-2023,Male,Clothing,2,30
21-08-2023,Male,Electronics,1,50
21-08-2023,Male,Electronics,1,300
21-08-2023,Male,Beauty,2,500
21-08-2023,Female,Electronics,2,30
22-08-2023,Male,Beauty,4,300
22-08-2023,Female,Beauty,3,25
23-08-2023,Female,Clothing,1,30
23-08-2023,Female,Beauty,1,500
23-08-2023,Female,Clothing,4,300
24-08-2023,Female,Beauty,3,25
24-08-2023,Male,Electronics,4,300
24-08-2023,Male,Electronics,1,30
25-08-2023,Female,Electronics,4,30
25-08-2023,Female,Electronics,4,50
25-08-2023,Female,Beauty,3,25
26-08-2023,Male,Electronics,1,30
26-08-2023,Female,Beauty,3,300
26-08-2023,Female,Beauty,1,25
27-08-2023,Female,Electronics,1,300
27-08-2023,Male,Electronics,3,50
27-08-2023,Female,Electronics,4,300
27-08-2023,Female,Clothing,3,25
28-08-2023,Male,Clothing,4,50
28-08-2023,Male,Beauty,2,30
28-08-2023,Female,Clothing,3,30
29-08-2023,Female,Clothing,4,500
29-08-2023,Male,Beauty,1,30
29-08-2023,Male,Beauty,2,50
29-08-2023,Male,Clothing,1,500
31-08-2023,Female,Beauty,4,50
31-08-2023,Female,Clothing,4,500
31-08-2023,Female,Electronics,2,25
31-08-2023,Female,Clothing,2,25
31-08-2023,Male,Beauty,2,30
01-09-2023,Male,Beauty,3,50
01-09-2023,Female,Electronics,2,300
01-09-2023,Male,Clothing,2,300
01-09-2023,Male,Beauty,1,25
02-09-2023,Female,Electronics,2,25
02-09-2023,Male,Beauty,4,300
02-09-2023,Male,Beauty,4,30
03-09-2023,Male,Electronics,1,300
04-09-2023,Female,Electronics,2,500
05-09-2023,Female,Clothing,1,500
05-09-2023,Male,Electronics,1,30
06-09-2023,Male,Clothing,4,50
06-09-2023,Male,Clothing,3,30
06-09-2023,Female,Clothing,4,300
06-09-2023,Male,Beauty,3,25
06-09-2023,Female,Clothing,4,50
07-09-2023,Male,Clothing,4,30
07-09-2023,Female,Clothing,2,50
07-09-2023,Male,Clothing,4,50
08-09-2023,Female,Beauty,3,300
08-09-2023,Female,Beauty,3,25
08-09-2023,Male,Electronics,2,50
08-09-2023,Male,Electronics,2,25
09-09-2023,Male,Electronics,2,50
09-09-2023,Female,Beauty,2,25
09-09-2023,Female,Beauty,1,50
10-09-2023,Male,Electronics,4,50
11-09-2023,Female,Electronics,4,50
11-09-2023,Male,Beauty,4,500
13-09-2023,Female,Electronics,2,25
14-09-2023,Female,Clothing,4,300
15-09-2023,Female,Clothing,3,25
16-09-2023,Female,Clothing,2,25
16-09-2023,Female,Electronics,4,500
16-09-2023,Female,Electronics,4,25
17-09-2023,Female,Clothing,3,50
17-09-2023,Male,Beauty,2,25
17-09-2023,Male,Clothing,1,50
17-09-2023,Male,Clothing,3,50
17-09-2023,Female,Beauty,1,300
18-09-2023,Female,Beauty,2,300
18-09-2023,Female,Beauty,4,50
18-09-2023,Female,Beauty,4,50
19-09-2023,Male,Electronics,4,25
19-09-2023,Male,Beauty,2,30
21-09-2023,Female,Electronics,3,25
21-09-2023,Female,Electronics,1,30
22-09-2023,Male,Beauty,3,30
22-09-2023,Male,Beauty,1,50
23-09-2023,Male,Clothing,2,50
24-09-2023,Female,Electronics,1,300
24-09-2023,Female,Electronics,3,30
25-09-2023,Female,Clothing,3,30
25-09-2023,Female,Beauty,2,50
25-09-2023,Female,Electronics,3,300
26-09-2023,Female,Electronics,2,50
28-09-2023,Male,Electronics,1,300
28-09-2023,Male,Beauty,1,25
28-09-2023,Male,Electronics,2,50
29-09-2023,Male,Electronics,1,300
29-09-2023,Male,Electronics,3,50
29-09-2023,Female,Clothing,4,500
29-09-2023,Female,Electronics,4,25
30-09-2023,Female,Clothing,3,300
30-09-2023,Female,Clothing,4,500
01-10-2023,Female,Electronics,4,500
01-10-2023,Female,Clothing,1,500
01-10-2023,Male,Electronics,1,300
02-10-2023,Male,Beauty,3,25
02-10-2023,Male,Electronics,3,300
02-10-2023,Female,Beauty,4,25
02-10-2023,Male,Clothing,4,30
02-10-2023,Female,Electronics,1,50
03-10-2023,Male,Electronics,4,30
03-10-2023,Female,Beauty,2,300
03-10-2023,Male,Beauty,4,300
03-10-2023,Male,Clothing,4,25
03-10-2023,Male,Electronics,3,50
04-10-2023,Male,Clothing,2,30
04-10-2023,Female,Electronics,4,50
04-10-2023,Male,Electronics,2,30
04-10-2023,Female,Beauty,2,300
04-10-2023,Male,Beauty,3,30
04-10-2023,Female,Clothing,4,500
05-10-2023,Male,Clothing,1,500
05-10-2023,Male,Beauty,1,30
06-10-2023,Male,Electronics,3,500
07-10-2023,Female,Clothing,4,50
07-10-2023,Female,Electronics,2,500
07-10-2023,Female,Electronics,4,300
07-10-2023,Male,Electronics,2,50
08-10-2023,Female,Clothing,1,25
08-10-2023,Male,Electronics,4,500
09-10-2023,Male,Electronics,1,25
09-10-2023,Male,Electronics,2,25
09-10-2023,Male,Clothing,4,30
10-10-2023,Male,Beauty,4,30
10-10-2023,Female,Electronics,4,50
10-10-2023,Male,Beauty,4,300
10-10-2023,Female,Beauty,2,300
11-10-2023,Male,Clothing,3,25
11-10-2023,Male,Electronics,2,50
11-10-2023,Female,Beauty,2,500
11-10-2023,Female,Clothing,1,300
11-10-2023,Female,Electronics,4,50
11-10-2023,Female,Beauty,3,25
11-10-2023,Female,Electronics,1,500
12-10-2023,Female,Beauty,1,25
12-10-2023,Male,Clothing,3,50
12-10-2023,Female,Clothing,1,300
13-10-2023,Female,Beauty,2,500
13-10-2023,Male,Electronics,4,25
13-10-2023,Female,Electronics,3,25
14-10-2023,Male,Electronics,2,30
14-10-2023,Male,Clothing,1,50
15-10-2023,Male,Clothing,2,50
15-10-2023,Female,Electronics,4,50
15-10-2023,Male,Electronics,4,300
16-10-2023,Male,Electronics,2,30
16-10-2023,Male,Electronics,3,500
16-10-2023,Female,Electronics,4,25
16-10-2023,Female,Clothing,4,300
17-10-2023,Male,Beauty,3,25
17-10-2023,Male,Clothing,4,25
18-10-2023,Female,Electronics,4,500
18-10-2023,Male,Beauty,1,25
19-10-2023,Female,Clothing,4,300
19-10-2023,Male,Beauty,1,300
19-10-2023,Female,Clothing,1,300
19-10-2023,Male,Clothing,2,30
20-10-2023,Male,Clothing,1,50
21-10-2023,Male,Electronics,1,50
22-10-2023,Female,Beauty,2,500
22-10-2023,Female,Clothing,3,300
22-10-2023,Male,Clothing,1,50
23-10-2023,Male,Beauty,3,50
23-10-2023,Male,Electronics,1,50
23-10-2023,Male,Beauty,4,25
23-10-2023,Female,Beauty,1,500
24-10-2023,Male,Clothing,1,25
24-10-2023,Female,Clothing,4,500
24-10-2023,Male,Electronics,2,50
24-10-2023,Male,Beauty,3,25
25-10-2023,Male,Beauty,4,500
25-10-2023,Male,Beauty,3,500
26-10-2023,Female,Clothing,3,30
26-10-2023,Female,Beauty,1,50
26-10-2023,Male,Clothing,2,300
27-10-2023,Male,Clothing,4,500
27-10-2023,Female,Electronics,3,50
27-10-2023,Female,Beauty,3,500
29-10-2023,Female,Beauty,3,300
29-10-2023,Female,Clothing,1,50
29-10-2023,Male,Beauty,3,30
29-10-2023,Female,Electronics,2,25
29-10-2023,Female,Electronics,2,30
29-10-2023,Female,Beauty,4,25
30-10-2023,Male,Beauty,3,25
31-10-2023,Female,Electronics,3,500
31-10-2023,Male,Clothing,3,30
31-10-2023,Male,Beauty,4,50
01-11-2023,Male,Electronics,3,300
01-11-2023,Male,Electronics,2,25
01-11-2023,Female,Beauty,4,50
01-11-2023,Female,Clothing,1,300
02-11-2023,Female,Electronics,1,50
02-11-2023,Female,Clothing,3,25
02-11-2023,Female,Electronics,3,500
02-11-2023,Male,Electronics,4,25
02-11-2023,Female,Clothing,3,30
02-11-2023,Male,Beauty,2,50
03-11-2023,Male,Electronics,4,300
04-11-2023,Female,Electronics,1,500
05-11-2023,Male,Clothing,3,300
05-11-2023,Female,Clothing,3,300
06-11-2023,Female,Beauty,3,500
06-11-2023,Female,Clothing,4,300
07-11-2023,Female,Clothing,1,25
07-11-2023,Female,Beauty,1,25
07-11-2023,Female,Beauty,2,30
07-11-2023,Female,Clothing,1,500
07-11-2023,Female,Electronics,2,25
07-11-2023,Male,Clothing,3,300
08-11-2023,Male,Beauty,3,30
08-11-2023,Male,Electronics,4,30
09-11-2023,Female,Clothing,4,500
09-11-2023,Male,Beauty,3,300
09-11-2023,Male,Clothing,4,50
10-11-2023,Male,Electronics,1,25
10-11-2023,Male,Electronics,3,30
12-11-2023,Female,Beauty,3,50
12-11-2023,Male,Electronics,3,25
13-11-2023,Male,Clothing,4,300
13-11-2023,Female,Clothing,1,25
14-11-2023,Male,Electronics,1,30
14-11-2023,Female,Electronics,4,25
14-11-2023,Male,Clothing,3,300
14-11-2023,Female,Beauty,1,50
15-11-2023,Male,Electronics,3,500
15-11-2023,Male,Electronics,4,25
15-11-2023,Male,Beauty,1,30
16-11-2023,Male,Electronics,3,500
17-11-2023,Male,Beauty,3,500
17-11-2023,Female,Electronics,4,30
17-11-2023,Female,Clothing,3,300
17-11-2023,Male,Beauty,3,30
18-11-2023,Female,Beauty,1,30
18-11-2023,Male,Beauty,2,500
18-11-2023,Female,Beauty,4,25
19-11-2023,Female,Beauty,2,50
19-11-2023,Male,Clothing,4,50
20-11-2023,Female,Electronics,2,25
21-11-2023,Female,Clothing,2,50
21-11-2023,Male,Electronics,3,300
21-11-2023,Female,Beauty,2,30
22-11-2023,Female,Beauty,4,500
22-11-2023,Female,Beauty,2,50
22-11-2023,Male,Clothing,4,25
23-11-2023,Male,Beauty,4,300
23-11-2023,Female,Electronics,1,300
23-11-2023,Female,Electronics,3,30
24-11-2023,Male,Beauty,3,50
24-11-2023,Female,Clothing,2,30
24-11-2023,Female,Clothing,3,300
25-11-2023,Female,Clothing,4,25
25-11-2023,Male,Beauty,2,25
26-11-2023,Male,Clothing,3,500
26-11-2023,Female,Beauty,4,25
27-11-2023,Female,Beauty,3,30
27-11-2023,Male,Clothing,1,25
27-11-2023,Male,Electronics,4,30
28-11-2023,Female,Electronics,3,30
28-11-2023,Male,Electronics,1,300
29-11-2023,Female,Clothing,1,300
29-11-2023,Male,Clothing,3,500
29-11-2023,Male,Beauty,1,25
30-11-2023,Male,Electronics,2,30
30-11-2023,Male,Clothing,1,300
30-11-2023,Male,Electronics,4,25
01-12-2023,Female,Electronics,2,30
01-12-2023,Male,Clothing,2,25
02-12-2023,Male,Clothing,3,500
02-12-2023,Female,Clothing,1,30
02-12-2023,Female,Electronics,3,500
03-12-2023,Female,Electronics,2,300
04-12-2023,Male,Beauty,3,500
04-12-2023,Female,Clothing,1,50
04-12-2023,Male,Electronics,1,30
04-12-2023,Female,Beauty,3,50
05-12-2023,Male,Electronics,4,500
05-12-2023,Female,Beauty,4,25
05-12-2023,Female,Beauty,1,25
05-12-2023,Female,Electronics,4,50
05-12-2023,Female,Electronics,3,50
06-12-2023,Male,Electronics,2,500
06-12-2023,Male,Beauty,3,30
06-12-2023,Female,Clothing,3,500
06-12-2023,Female,Beauty,2,25
06-12-2023,Female,Electronics,1,300
07-12-2023,Male,Electronics,1,500
07-12-2023,Male,Clothing,3,300
08-12-2023,Male,Clothing,2,300
08-12-2023,Female,Clothing,2,500
08-12-2023,Female,Electronics,3,300
08-12-2023,Male,Clothing,1,300
09-12-2023,Male,Beauty,2,50
09-12-2023,Female,Electronics,1,500
09-12-2023,Male,Electronics,1,25
09-12-2023,Male,Electronics,4,500
09-12-2023,Male,Clothing,2,50
09-12-2023,Female,Electronics,4,300
10-12-2023,Female,Clothing,2,30
10-12-2023,Male,Beauty,2,30
10-12-2023,Female,Electronics,4,300
10-12-2023,Male,Clothing,2,50
11-12-2023,Male,Clothing,3,300
11-12-2023,Male,Electronics,1,50
12-12-2023,Female,Beauty,3,50
12-12-2023,Female,Electronics,1,50
13-12-2023,Male,Electronics,2,300
13-12-2023,Female,Electronics,3,25
13-12-2023,Male,Electronics,2,25
14-12-2023,Male,Clothing,2,300
14-12-2023,Female,Beauty,2,30
15-12-2023,Male,Beauty,4,500
15-12-2023,Male,Clothing,1,50
16-12-2023,Male,Electronics,2,50
16-12-2023,Male,Electronics,2,500
16-12-2023,Female,Electronics,1,30
17-12-2023,Female,Electronics,4,300
17-12-2023,Female,Clothing,1,300
18-12-2023,Female,Electronics,3,300
18-12-2023,Female,Beauty,2,25
18-12-2023,Female,Electronics,1,300
18-12-2023,Female,Beauty,2,500
19-12-2023,Female,Clothing,2,300
19-12-2023,Female,Clothing,2,50
19-12-2023,Female,Beauty,3,30
20-12-2023,Female,Electronics,4,50
20-12-2023,Female,Beauty,3,300
20-12-2023,Male,Electronics,3,50
20-12-2023,Male,Clothing,1,50
20-12-2023,Male,Electronics,2,25
21-12-2023,Female,Clothing,1,300
22-12-2023,Male,Beauty,2,500
23-12-2023,Female,Beauty,1,25
23-12-2023,Female,Electronics,1,25
23-12-2023,Female,Electronics,1,300
23-12-2023,Female,Clothing,4,25
23-12-2023,Female,Electronics,3,300
23-12-2023,Male,Beauty,1,500
24-12-2023,Female,Clothing,3,50
24-12-2023,Female,Electronics,1,50
25-12-2023,Female,Electronics,4,300
26-12-2023,Female,Beauty,1,50
26-12-2023,Female,Beauty,4,50
26-12-2023,Female,Beauty,3,300
26-12-2023,Female,Clothing,2,300
26-12-2023,Male,Clothing,1,30
26-12-2023,Female,Clothing,2,50
27-12-2023,Male,Beauty,2,50
27-12-2023,Female,Electronics,2,300
28-12-2023,Male,Electronics,2,25
28-12-2023,Female,Clothing,4,500
28-12-2023,Female,Electronics,1,25
29-12-2023,Female,Beauty,2,300
29-12-2023,Female,Electronics,4,25
29-12-2023,Female,Beauty,3,500
29-12-2023,Male,Beauty,4,300
31-12-2023,Male,Electronics,2,25
